Workbook

Sheet Original Data
A1: Sector | B1: Year | C1: Month | D1: Cereals and products | E1: Meat and fish | F1: Egg | G1: Milk and products | H1: Oils and fats | I1: Fruits | J1: Vegetables | K1: Pulses and products | L1: Sugar and Confectionery | M1: Spices | N1: Non-alcoholic beverages | O1: Prepared meals, snacks, sweets etc. | P1: Food and beverages | Q1: Pan, tobacco and intoxicants | R1: Clothing | S1: Footwear | T1: Clothing and footwear | U1: Housing | V1: Fuel and light | W1: Household goods and services | X1: Health | Y1: Transport and communication | Z1: Recreation and amusement | AA1: Education | AB1: Personal care and effects | AC1: Miscellaneous | AD1: General index
A2: Rural | B2: 2013 | C2: January | D2: 107.5 | E2: 106.3 | F2: 108.1 | G2: 104.9 | H2: 106.1 | I2: 103.9 | J2: 101.9 | K2: 106.1 | L2: 106.8 | M2: 103.1 | N2: 104.8 | O2: 106.7 | P2: 105.5 | Q2: 105.1 | R2: 106.5 | S2: 105.8 | T2: 106.4 | U2: NA | V2: 105.5 | W2: 104.8 | X2: 104 | Y2: 103.3 | Z2: 103.4 | AA2: 103.8 | AB2: 104.7 | AC2: 104 | AD2: 105.1
A3: Urban | B3: 2013 | C3: January | D3: 110.5 | E3: 109.1 | F3: 113 | G3: 103.6 | H3: 103.4 | I3: 102.3 | J3: 102.9 | K3: 105.8 | L3: 105.1 | M3: 101.8 | N3: 105.1 | O3: 107.9 | P3: 105.9 | Q3: 105.2 | R3: 105.9 | S3: 105 | T3: 105.8 | U3: 100.3 | V3: 105.4 | W3: 104.8 | X3: 104.1 | Y3: 103.2 | Z3: 102.9 | AA3: 103.5 | AB3: 104.3 | AC3: 103.7 | AD3: 104
A4: Rural+Urban | B4: 2013 | C4: January | D4: 108.4 | E4: 107.3 | F4: 110 | G4: 104.4 | H4: 105.1 | I4: 103.2 | J4: 102.2 | K4: 106 | L4: 106.2 | M4: 102.7 | N4: 104.9 | O4: 107.3 | P4: 105.6 | Q4: 105.1 | R4: 106.3 | S4: 105.5 | T4: 106.2 | U4: 100.3 | V4: 105.5 | W4: 104.8 | X4: 104 | Y4: 103.2 | Z4: 103.1 | AA4: 103.6 | AB4: 104.5 | AC4: 103.9 | AD4: 104.6
A5: Rural | B5: 2013 | C5: February | D5: 109.2 | E5: 108.7 | F5: 110.2 | G5: 105.4 | H5: 106.7 | I5: 104 | J5: 102.4 | K5: 105.9 | L5: 105.7 | M5: 103.1 | N5: 105.1 | O5: 107.7 | P5: 106.3 | Q5: 105.6 | R5: 107.1 | S5: 106.3 | T5: 107 | U5: NA | V5: 106.2 | W5: 105.2 | X5: 104.4 | Y5: 103.9 | Z5: 104 | AA5: 104.1 | AB5: 104.6 | AC5: 104.4 | AD5: 105.8
A6: Urban | B6: 2013 | C6: February | D6: 112.9 | E6: 112.9 | F6: 116.9 | G6: 104 | H6: 103.5 | I6: 103.1 | J6: 104.9 | K6: 104.1 | L6: 103.8 | M6: 102.3 | N6: 106 | O6: 109 | P6: 107.2 | Q6: 106 | R6: 106.6 | S6: 105.5 | T6: 106.4 | U6: 100.4 | V6: 105.7 | W6: 105.2 | X6: 104.7 | Y6: 104.4 | Z6: 103.3 | AA6: 103.7 | AB6: 104.3 | AC6: 104.3 | AD6: 104.7
A7: Rural+Urban | B7: 2013 | C7: February | D7: 110.4 | E7: 110.2 | F7: 112.8 | G7: 104.9 | H7: 105.5 | I7: 103.6 | J7: 103.2 | K7: 105.3 | L7: 105.1 | M7: 102.8 | N7: 105.5 | O7: 108.3 | P7: 106.6 | Q7: 105.7 | R7: 106.9 | S7: 106 | T7: 106.8 | U7: 100.4 | V7: 106 | W7: 105.2 | X7: 104.5 | Y7: 104.2 | Z7: 103.6 | AA7: 103.9 | AB7: 104.5 | AC7: 104.4 | AD7: 105.3
A8: Rural | B8: 2013 | C8: March | D8: 110.2 | E8: 108.8 | F8: 109.9 | G8: 105.6 | H8: 106.2 | I8: 105.7 | J8: 101.4 | K8: 105.7 | L8: 105 | M8: 103.3 | N8: 105.6 | O8: 108.2 | P8: 106.6 | Q8: 106.5 | R8: 107.6 | S8: 106.8 | T8: 107.5 | U8: NA | V8: 106.1 | W8: 105.6 | X8: 104.7 | Y8: 104.6 | Z8: 104 | AA8: 104.3 | AB8: 104.3 | AC8: 104.6 | AD8: 106
A9: Urban | B9: 2013 | C9: March | D9: 113.9 | E9: 111.4 | F9: 113.2 | G9: 104.3 | H9: 102.7 | I9: 104.9 | J9: 103.8 | K9: 103.5 | L9: 102.6 | M9: 102.4 | N9: 107 | O9: 109.8 | P9: 107.3 | Q9: 106.8 | R9: 107.2 | S9: 106 | T9: 107 | U9: 100.4 | V9: 106 | W9: 105.7 | X9: 105.2 | Y9: 105.5 | Z9: 103.5 | AA9: 103.8 | AB9: 104.2 | AC9: 104.9 | AD9: 105
A10: Rural+Urban | B10: 2013 | C10: March | D10: 111.4 | E10: 109.7 | F10: 111.2 | G10: 105.1 | H10: 104.9 | I10: 105.3 | J10: 102.2 | K10: 105 | L10: 104.2 | M10: 103 | N10: 106.2 | O10: 108.9 | P10: 106.9 | Q10: 106.6 | R10: 107.4 | S10: 106.5 | T10: 107.3 | U10: 100.4 | V10: 106.1 | W10: 105.6 | X10: 104.9 | Y10: 105.1 | Z10: 103.7 | AA10: 104 | AB10: 104.3 | AC10: 104.7 | AD10: 105.5
A11: Rural | B11: 2013 | C11: April | D11: 110.2 | E11: 109.5 | F11: 106.9 | G11: 106.3 | H11: 105.7 | I11: 108.3 | J11: 103.4 | K11: 105.7 | L11: 104.2 | M11: 103.2 | N11: 106.5 | O11: 108.8 | P11: 107.1 | Q11: 107.1 | R11: 108.1 | S11: 107.4 | T11: 108 | U11: NA | V11: 106.5 | W11: 106.1 | X11: 105.1 | Y11: 104.4 | Z11: 104.5 | AA11: 104.8 | AB11: 102.7 | AC11: 104.6 | AD11: 106.4
A12: Urban | B12: 2013 | C12: April | D12: 114.6 | E12: 113.4 | F12: 106 | G12: 104.7 | H12: 102.1 | I12: 109.5 | J12: 109.7 | K12: 104.6 | L12: 102 | M12: 103.5 | N12: 108.2 | O12: 110.6 | P12: 108.8 | Q12: 108.5 | R12: 107.9 | S12: 106.4 | T12: 107.7 | U12: 100.5 | V12: 106.4 | W12: 106.5 | X12: 105.7 | Y12: 105 | Z12: 104 | AA12: 105.2 | AB12: 103.2 | AC12: 105.1 | AD12: 105.7
A13: Rural+Urban | B13: 2013 | C13: April | D13: 111.6 | E13: 110.9 | F13: 106.6 | G13: 105.7 | H13: 104.4 | I13: 108.9 | J13: 105.5 | K13: 105.3 | L13: 103.5 | M13: 103.3 | N13: 107.2 | O13: 109.6 | P13: 107.7 | Q13: 107.5 | R13: 108 | S13: 107 | T13: 107.9 | U13: 100.5 | V13: 106.5 | W13: 106.3 | X13: 105.3 | Y13: 104.7 | Z13: 104.2 | AA13: 105 | AB13: 102.9 | AC13: 104.8 | AD13: 106.1
A14: Rural | B14: 2013 | C14: May | D14: 110.9 | E14: 109.8 | F14: 105.9 | G14: 107.5 | H14: 105.3 | I14: 108.1 | J14: 107.3 | K14: 106.1 | L14: 103.7 | M14: 104 | N14: 107.4 | O14: 109.9 | P14: 108.1 | Q14: 108.1 | R14: 108.8 | S14: 107.9 | T14: 108.6 | U14: NA | V14: 107.5 | W14: 106.8 | X14: 105.7 | Y14: 104.1 | Z14: 105 | AA14: 105.5 | AB14: 102.1 | AC14: 104.8 | AD14: 107.2
A15: Urban | B15: 2013 | C15: May | D15: 115.4 | E15: 114.2 | F15: 102.7 | G15: 105.5 | H15: 101.5 | I15: 110.6 | J15: 123.7 | K15: 105.2 | L15: 101.9 | M15: 105 | N15: 109.1 | O15: 111.3 | P15: 111.1 | Q15: 109.8 | R15: 108.5 | S15: 106.7 | T15: 108.3 | U15: 100.5 | V15: 107.2 | W15: 107.1 | X15: 106.2 | Y15: 103.9 | Z15: 104.6 | AA15: 105.7 | AB15: 102.6 | AC15: 104.9 | AD15: 106.6
A16: Rural+Urban | B16: 2013 | C16: May | D16: 112.3 | E16: 111.3 | F16: 104.7 | G16: 106.8 | H16: 103.9 | I16: 109.3 | J16: 112.9 | K16: 105.8 | L16: 103.1 | M16: 104.3 | N16: 108.1 | O16: 110.5 | P16: 109.2 | Q16: 108.6 | R16: 108.7 | S16: 107.4 | T16: 108.5 | U16: 100.5 | V16: 107.4 | W16: 106.9 | X16: 105.9 | Y16: 104 | Z16: 104.8 | AA16: 105.6 | AB16: 102.3 | AC16: 104.8 | AD16: 106.9
A17: Rural | B17: 2013 | C17: June | D17: 112.3 | E17: 112.1 | F17: 108.1 | G17: 108.3 | H17: 105.9 | I17: 109.2 | J17: 118 | K17: 106.8 | L17: 104.1 | M17: 105.4 | N17: 108.2 | O17: 111 | P17: 110.6 | Q17: 109 | R17: 109.7 | S17: 108.8 | T17: 109.5 | U17: NA | V17: 108.5 | W17: 107.5 | X17: 106.3 | Y17: 105 | Z17: 105.6 | AA17: 106.5 | AB17: 102.5 | AC17: 105.5 | AD17: 108.9
A18: Urban | B18: 2013 | C18: June | D18: 117 | E18: 120.1 | F18: 112.5 | G18: 107.3 | H18: 101.3 | I18: 112.4 | J18: 143.6 | K18: 105.4 | L18: 101.4 | M18: 106.4 | N18: 110 | O18: 112.2 | P18: 115 | Q18: 110.9 | R18: 109.2 | S18: 107.2 | T18: 108.9 | U18: 106.6 | V18: 108 | W18: 107.7 | X18: 106.5 | Y18: 105.2 | Z18: 105.2 | AA18: 108.1 | AB18: 103.3 | AC18: 106.1 | AD18: 109.7
A19: Rural+Urban | B19: 2013 | C19: June | D19: 113.8 | E19: 114.9 | F19: 109.8 | G19: 107.9 | H19: 104.2 | I19: 110.7 | J19: 126.7 | K19: 106.3 | L19: 103.2 | M19: 105.7 | N19: 109 | O19: 111.6 | P19: 112.2 | Q19: 109.5 | R19: 109.5 | S19: 108.1 | T19: 109.3 | U19: 106.6 | V19: 108.3 | W19: 107.6 | X19: 106.4 | Y19: 105.1 | Z19: 105.4 | AA19: 107.4 | AB19: 102.8 | AC19: 105.8 | AD19: 109.3
A20: Rural | B20: 2013 | C20: July | D20: 113.4 | E20: 114.9 | F20: 110.5 | G20: 109.3 | H20: 106.2 | I20: 110.3 | J20: 129.2 | K20: 107.1 | L20: 104.3 | M20: 106.4 | N20: 109.1 | O20: 112.1 | P20: 113.1 | Q20: 109.8 | R20: 110.5 | S20: 109.5 | T20: 110.3 | U20: NA | V20: 109.5 | W20: 108.3 | X20: 106.9 | Y20: 106.8 | Z20: 106.4 | AA20: 107.8 | AB20: 102.5 | AC20: 106.5 | AD20: 110.7
A21: Urban | B21: 2013 | C21: July | D21: 117.8 | E21: 119.2 | F21: 114 | G21: 108.3 | H21: 101.1 | I21: 113.2 | J21: 160.9 | K21: 105.1 | L21: 101.3 | M21: 107.5 | N21: 110.4 | O21: 113.1 | P21: 117.5 | Q21: 111.7 | R21: 109.8 | S21: 107.8 | T21: 109.5 | U21: 107.7 | V21: 108.6 | W21: 108.1 | X21: 107.1 | Y21: 107.3 | Z21: 105.9 | AA21: 110.1 | AB21: 103.2 | AC21: 107.3 | AD21: 111.4
A22: Rural+Urban | B22: 2013 | C22: July | D22: 114.8 | E22: 116.4 | F22: 111.9 | G22: 108.9 | H22: 104.3 | I22: 111.7 | J22: 140 | K22: 106.4 | L22: 103.3 | M22: 106.8 | N22: 109.6 | O22: 112.6 | P22: 114.7 | Q22: 110.3 | R22: 110.2 | S22: 108.8 | T22: 110 | U22: 107.7 | V22: 109.2 | W22: 108.2 | X22: 107 | Y22: 107.1 | Z22: 106.1 | AA22: 109.1 | AB22: 102.8 | AC22: 106.9 | AD22: 111
A23: Rural | B23: 2013 | C23: August | D23: 114.3 | E23: 115.4 | F23: 111.1 | G23: 110 | H23: 106.4 | I23: 110.8 | J23: 138.9 | K23: 107.4 | L23: 104.1 | M23: 106.9 | N23: 109.7 | O23: 112.6 | P23: 114.9 | Q23: 110.7 | R23: 111.3 | S23: 110.2 | T23: 111.1 | U23: NA | V23: 109.9 | W23: 108.7 | X23: 107.5 | Y23: 107.8 | Z23: 106.8 | AA23: 108.7 | AB23: 105 | AC23: 107.5 | AD23: 112.1
A24: Urban | B24: 2013 | C24: August | D24: 118.3 | E24: 120.4 | F24: 112.7 | G24: 108.9 | H24: 101.1 | I24: 108.7 | J24: 177 | K24: 104.7 | L24: 101 | M24: 108.5 | N24: 110.9 | O24: 114.3 | P24: 119.6 | Q24: 112.4 | R24: 110.6 | S24: 108.3 | T24: 110.2 | U24: 108.9 | V24: 109.3 | W24: 108.7 | X24: 107.6 | Y24: 108.1 | Z24: 106.5 | AA24: 110.8 | AB24: 106 | AC24: 108.3 | AD24: 112.7
A25: Rural+Urban | B25: 2013 | C25: August | D25: 115.6 | E25: 117.2 | F25: 111.7 | G25: 109.6 | H25: 104.5 | I25: 109.8 | J25: 151.8 | K25: 106.5 | L25: 103.1 | M25: 107.4 | N25: 110.2 | O25: 113.4 | P25: 116.6 | Q25: 111.2 | R25: 111 | S25: 109.4 | T25: 110.7 | U25: 108.9 | V25: 109.7 | W25: 108.7 | X25: 107.5 | Y25: 108 | Z25: 106.6 | AA25: 109.9 | AB25: 105.4 | AC25: 107.9 | AD25: 112.4
A26: Rural | B26: 2013 | C26: September | D26: 115.4 | E26: 115.7 | F26: 111.7 | G26: 111 | H26: 107.4 | I26: 110.9 | J26: 154 | K26: 108.1 | L26: 104.2 | M26: 107.9 | N26: 110.4 | O26: 114 | P26: 117.8 | Q26: 111.7 | R26: 112.7 | S26: 111.4 | T26: 112.5 | U26: NA | V26: 111.1 | W26: 109.6 | X26: 108.3 | Y26: 109.3 | Z26: 107.7 | AA26: 109.8 | AB26: 106.7 | AC26: 108.7 | AD26: 114.2
A27: Urban | B27: 2013 | C27: September | D27: 118.6 | E27: 119.1 | F27: 113.2 | G27: 109.6 | H27: 101.7 | I27: 103.2 | J27: 174.3 | K27: 105.1 | L27: 100.8 | M27: 109.1 | N27: 111.1 | O27: 115.4 | P27: 119.2 | Q27: 112.9 | R27: 111.4 | S27: 109 | T27: 111.1 | U27: 109.7 | V27: 109.5 | W27: 109.6 | X27: 107.9 | Y27: 110.4 | Z27: 107.4 | AA27: 111.2 | AB27: 106.9 | AC27: 109.4 | AD27: 113.2
A28: Rural+Urban | B28: 2013 | C28: September | D28: 116.4 | E28: 116.9 | F28: 112.3 | G28: 110.5 | H28: 105.3 | I28: 107.3 | J28: 160.9 | K28: 107.1 | L28: 103.1 | M28: 108.3 | N28: 110.7 | O28: 114.6 | P28: 118.3 | Q28: 112 | R28: 112.2 | S28: 110.4 | T28: 111.9 | U28: 109.7 | V28: 110.5 | W28: 109.6 | X28: 108.1 | Y28: 109.9 | Z28: 107.5 | AA28: 110.6 | AB28: 106.8 | AC28: 109 | AD28: 113.7
A29: Rural | B29: 2013 | C29: October | D29: 116.3 | E29: 115.4 | F29: 112.6 | G29: 111.7 | H29: 107.7 | I29: 113.2 | J29: 164.9 | K29: 108.3 | L29: 103.9 | M29: 108.2 | N29: 111.1 | O29: 114.9 | P29: 119.8 | Q29: 112.2 | R29: 113.6 | S29: 112.3 | T29: 113.4 | U29: NA | V29: 111.6 | W29: 110.4 | X29: 108.9 | Y29: 109.3 | Z29: 108.3 | AA29: 110.2 | AB29: 107.5 | AC29: 109.1 | AD29: 115.5
A30: Urban | B30: 2013 | C30: October | D30: 118.9 | E30: 118.1 | F30: 114.5 | G30: 110.4 | H30: 102.3 | I30: 106.2 | J30: 183.5 | K30: 105.3 | L30: 100.2 | M30: 109.6 | N30: 111.4 | O30: 116 | P30: 120.8 | Q30: 113.5 | R30: 112.5 | S30: 109.7 | T30: 112 | U30: 110.5 | V30: 109.7 | W30: 110.2 | X30: 108.2 | Y30: 109.7 | Z30: 108 | AA30: 111.3 | AB30: 107.3 | AC30: 109.4 | AD30: 114
A31: Rural+Urban | B31: 2013 | C31: October | D31: 117.1 | E31: 116.3 | F31: 113.3 | G31: 111.2 | H31: 105.7 | I31: 109.9 | J31: 171.2 | K31: 107.3 | L31: 102.7 | M31: 108.7 | N31: 111.2 | O31: 115.4 | P31: 120.2 | Q31: 112.5 | R31: 113.2 | S31: 111.2 | T31: 112.8 | U31: 110.5 | V31: 110.9 | W31: 110.3 | X31: 108.6 | Y31: 109.5 | Z31: 108.1 | AA31: 110.8 | AB31: 107.4 | AC31: 109.2 | AD31: 114.8
A32: Rural | B32: 2013 | C32: November | D32: 117.3 | E32: 114.9 | F32: 116.2 | G32: 112.8 | H32: 108.9 | I32: 116.6 | J32: 178.1 | K32: 109.1 | L32: 103.6 | M32: 109 | N32: 111.8 | O32: 116 | P32: 122.5 | Q32: 112.8 | R32: 114.6 | S32: 113.1 | T32: 114.4 | U32: NA | V32: 112.6 | W32: 111.3 | X32: 109.7 | Y32: 109.6 | Z32: 108.7 | AA32: 111 | AB32: 108.2 | AC32: 109.8 | AD32: 117.4
A33: Urban | B33: 2013 | C33: November | D33: 119.8 | E33: 116.3 | F33: 122.6 | G33: 112 | H33: 103.2 | I33: 110 | J33: 192.8 | K33: 106.3 | L33: 99.5 | M33: 110.3 | N33: 111.8 | O33: 117.1 | P33: 122.9 | Q33: 114.1 | R33: 113.5 | S33: 110.3 | T33: 113 | U33: 111.1 | V33: 110 | W33: 110.9 | X33: 108.6 | Y33: 109.5 | Z33: 108.5 | AA33: 111.3 | AB33: 107.9 | AC33: 109.6 | AD33: 115
A34: Rural+Urban | B34: 2013 | C34: November | D34: 118.1 | E34: 115.4 | F34: 118.7 | G34: 112.5 | H34: 106.8 | I34: 113.5 | J34: 183.1 | K34: 108.2 | L34: 102.2 | M34: 109.4 | N34: 111.8 | O34: 116.5 | P34: 122.6 | Q34: 113.1 | R34: 114.2 | S34: 111.9 | T34: 113.8 | U34: 111.1 | V34: 111.6 | W34: 111.1 | X34: 109.3 | Y34: 109.5 | Z34: 108.6 | AA34: 111.2 | AB34: 108.1 | AC34: 109.7 | AD34: 116.3
A35: Rural | B35: 2013 | C35: December | D35: 118.4 | E35: 115.9 | F35: 120.4 | G35: 113.8 | H35: 109.5 | I35: 115.5 | J35: 145.7 | K35: 109.5 | L35: 102.9 | M35: 109.8 | N35: 112.1 | O35: 116.8 | P35: 118.7 | Q35: 113.6 | R35: 115.8 | S35: 114 | T35: 115.5 | U35: NA | V35: 112.8 | W35: 112.1 | X35: 110.1 | Y35: 109.9 | Z35: 109.2 | AA35: 111.6 | AB35: 108.1 | AC35: 110.1 | AD35: 115.5
A36: Urban | B36: 2013 | C36: December | D36: 120.5 | E36: 118.1 | F36: 128.5 | G36: 112.8 | H36: 103.4 | I36: 110.7 | J36: 144.8 | K36: 107.1 | L36: 98.6 | M36: 111.9 | N36: 112.1 | O36: 118.1 | P36: 117.8 | Q36: 115 | R36: 114.2 | S36: 110.9 | T36: 113.7 | U36: 110.7 | V36: 110.4 | W36: 111.3 | X36: 109 | Y36: 109.7 | Z36: 108.9 | AA36: 111.4 | AB36: 107.7 | AC36: 109.8 | AD36: 113.3
A37: Rural+Urban | B37: 2013 | C37: December | D37: 119.1 | E37: 116.7 | F37: 123.5 | G37: 113.4 | H37: 107.3 | I37: 113.3 | J37: 145.4 | K37: 108.7 | L37: 101.5 | M37: 110.5 | N37: 112.1 | O37: 117.4 | P37: 118.4 | Q37: 114 | R37: 115.2 | S37: 112.7 | T37: 114.8 | U37: 110.7 | V37: 111.9 | W37: 111.7 | X37: 109.7 | Y37: 109.8 | Z37: 109 | AA37: 111.5 | AB37: 107.9 | AC37: 110 | AD37: 114.5
A38: Rural | B38: 2014 | C38: January | D38: 118.9 | E38: 117.1 | F38: 120.5 | G38: 114.4 | H38: 109 | I38: 115.5 | J38: 123.9 | K38: 109.6 | L38: 101.8 | M38: 110.2 | N38: 112.4 | O38: 117.3 | P38: 116 | Q38: 114 | R38: 116.5 | S38: 114.5 | T38: 116.2 | U38: NA | V38: 113 | W38: 112.6 | X38: 110.6 | Y38: 110.5 | Z38: 109.6 | AA38: 111.8 | AB38: 108.3 | AC38: 110.6 | AD38: 114.2
A39: Urban | B39: 2014 | C39: January | D39: 121.2 | E39: 122 | F39: 129.9 | G39: 113.6 | H39: 102.9 | I39: 112.1 | J39: 118.9 | K39: 107.5 | L39: 96.9 | M39: 112.7 | N39: 112.1 | O39: 119 | P39: 115.5 | Q39: 115.7 | R39: 114.8 | S39: 111.3 | T39: 114.3 | U39: 111.6 | V39: 111 | W39: 111.9 | X39: 109.7 | Y39: 110.8 | Z39: 109.8 | AA39: 111.5 | AB39: 108 | AC39: 110.5 | AD39: 112.9
A40: Rural+Urban | B40: 2014 | C40: January | D40: 119.6 | E40: 118.8 | F40: 124.1 | G40: 114.1 | H40: 106.8 | I40: 113.9 | J40: 122.2 | K40: 108.9 | L40: 100.2 | M40: 111 | N40: 112.3 | O40: 118.1 | P40: 115.8 | Q40: 114.5 | R40: 115.8 | S40: 113.2 | T40: 115.4 | U40: 111.6 | V40: 112.2 | W40: 112.3 | X40: 110.3 | Y40: 110.7 | Z40: 109.7 | AA40: 111.6 | AB40: 108.2 | AC40: 110.6 | AD40: 113.6
A41: Rural | B41: 2014 | C41: February | D41: 119.4 | E41: 117.7 | F41: 121.2 | G41: 115 | H41: 109 | I41: 116.6 | J41: 116 | K41: 109.8 | L41: 101.1 | M41: 110.4 | N41: 112.9 | O41: 117.8 | P41: 115.3 | Q41: 114.2 | R41: 117.1 | S41: 114.5 | T41: 116.7 | U41: NA | V41: 113.2 | W41: 112.9 | X41: 110.9 | Y41: 110.8 | Z41: 109.9 | AA41: 112 | AB41: 108.7 | AC41: 110.9 | AD41: 114
A42: Urban | B42: 2014 | C42: February | D42: 121.9 | E42: 122 | F42: 124.5 | G42: 115.2 | H42: 102.5 | I42: 114.1 | J42: 111.5 | K42: 108.2 | L42: 95.4 | M42: 113.5 | N42: 112.1 | O42: 119.9 | P42: 115.2 | Q42: 116.2 | R42: 115.3 | S42: 111.7 | T42: 114.7 | U42: 112.5 | V42: 111.1 | W42: 112.6 | X42: 110.4 | Y42: 111.3 | Z42: 110.3 | AA42: 111.6 | AB42: 108.7 | AC42: 111 | AD42: 113.1
A43: Rural+Urban | B43: 2014 | C43: February | D43: 120.2 | E43: 119.2 | F43: 122.5 | G43: 115.1 | H43: 106.6 | I43: 115.4 | J43: 114.5 | K43: 109.3 | L43: 99.2 | M43: 111.4 | N43: 112.6 | O43: 118.8 | P43: 115.3 | Q43: 114.7 | R43: 116.4 | S43: 113.3 | T43: 115.9 | U43: 112.5 | V43: 112.4 | W43: 112.8 | X43: 110.7 | Y43: 111.1 | Z43: 110.1 | AA43: 111.8 | AB43: 108.7 | AC43: 110.9 | AD43: 113.6
A44: Rural | B44: 2014 | C44: March | D44: 120.1 | E44: 118.1 | F44: 120.7 | G44: 116.1 | H44: 109.3 | I44: 119.6 | J44: 117.9 | K44: 110.2 | L44: 101.2 | M44: 110.7 | N44: 113 | O44: 118.3 | P44: 116.2 | Q44: 114.6 | R44: 117.5 | S44: 114.9 | T44: 117.2 | U44: NA | V44: 113.4 | W44: 113.4 | X44: 111.4 | Y44: 111.2 | Z44: 110.2 | AA44: 112.4 | AB44: 108.9 | AC44: 111.3 | AD44: 114.6
A45: Urban | B45: 2014 | C45: March | D45: 122.1 | E45: 121.4 | F45: 121.5 | G45: 116.2 | H45: 102.8 | I45: 117.7 | J45: 113.3 | K45: 108.9 | L45: 96.3 | M45: 114.1 | N45: 112.2 | O45: 120.5 | P45: 116 | Q45: 116.7 | R45: 115.8 | S45: 112.1 | T45: 115.2 | U45: 113.2 | V45: 110.9 | W45: 113 | X45: 110.8 | Y45: 111.6 | Z45: 110.9 | AA45: 111.8 | AB45: 109.2 | AC45: 111.4 | AD45: 113.7
A46: Rural+Urban | B46: 2014 | C46: Marcrh | D46: 120.7 | E46: 119.3 | F46: 121 | G46: 116.1 | H46: 106.9 | I46: 118.7 | J46: 116.3 | K46: 109.8 | L46: 99.6 | M46: 111.8 | N46: 112.7 | O46: 119.3 | P46: 116.1 | Q46: 115.2 | R46: 116.8 | S46: 113.7 | T46: 116.4 | U46: 113.2 | V46: 112.5 | W46: 113.2 | X46: 111.2 | Y46: 111.4 | Z46: 110.6 | AA46: 112 | AB46: 109 | AC46: 111.3 | AD46: 114.2
A47: Rural | B47: 2014 | C47: April | D47: 120.2 | E47: 118.9 | F47: 118.1 | G47: 117 | H47: 109.7 | I47: 125.5 | J47: 120.5 | K47: 111 | L47: 102.6 | M47: 111.2 | N47: 113.5 | O47: 118.7 | P47: 117.2 | Q47: 115.4 | R47: 118.1 | S47: 116.1 | T47: 117.8 | U47: NA | V47: 113.4 | W47: 113.7 | X47: 111.8 | Y47: 111.2 | Z47: 110.5 | AA47: 113 | AB47: 108.9 | AC47: 111.5 | AD47: 115.4
A48: Urban | B48: 2014 | C48: April | D48: 122.5 | E48: 121.7 | F48: 113.3 | G48: 117 | H48: 103.1 | I48: 126.7 | J48: 121.2 | K48: 111 | L48: 100.3 | M48: 115.3 | N48: 112.7 | O48: 121 | P48: 118.2 | Q48: 117.6 | R48: 116.3 | S48: 112.5 | T48: 115.7 | U48: 113.9 | V48: 110.9 | W48: 113.4 | X48: 111 | Y48: 111.2 | Z48: 111.2 | AA48: 112.5 | AB48: 109.1 | AC48: 111.4 | AD48: 114.7
A49: Rural+Urban | B49: 2014 | C49: April | D49: 120.9 | E49: 119.9 | F49: 116.2 | G49: 117 | H49: 107.3 | I49: 126.1 | J49: 120.7 | K49: 111 | L49: 101.8 | M49: 112.6 | N49: 113.2 | O49: 119.8 | P49: 117.6 | Q49: 116 | R49: 117.4 | S49: 114.6 | T49: 117 | U49: 113.9 | V49: 112.5 | W49: 113.6 | X49: 111.5 | Y49: 111.2 | Z49: 110.9 | AA49: 112.7 | AB49: 109 | AC49: 111.5 | AD49: 115.1
A50: Rural | B50: 2014 | C50: May | D50: 120.3 | E50: 120.2 | F50: 116.9 | G50: 118 | H50: 110.1 | I50: 126.3 | J50: 123.9 | K50: 111.5 | L50: 103.5 | M50: 111.6 | N50: 114.2 | O50: 119.2 | P50: 118.2 | Q50: 116.3 | R50: 118.7 | S50: 116.8 | T50: 118.5 | U50: NA | V50: 113.4 | W50: 114.1 | X50: 112.1 | Y50: 111.4 | Z50: 110.9 | AA50: 113.1 | AB50: 108.9 | AC50: 111.8 | AD50: 116
A51: Urban | B51: 2014 | C51: May | D51: 122.7 | E51: 124.1 | F51: 114.2 | G51: 119.1 | H51: 103.5 | I51: 129.2 | J51: 127 | K51: 112.6 | L51: 101.3 | M51: 117 | N51: 112.9 | O51: 121.7 | P51: 120 | Q51: 118.3 | R51: 116.8 | S51: 112.9 | T51: 116.2 | U51: 114.3 | V51: 111.1 | W51: 114.1 | X51: 111.2 | Y51: 111.3 | Z51: 111.5 | AA51: 112.9 | AB51: 109.3 | AC51: 111.7 | AD51: 115.6
A52: Rural+Urban | B52: 2014 | C52: May | D52: 121.1 | E52: 121.6 | F52: 115.9 | G52: 118.4 | H52: 107.7 | I52: 127.7 | J52: 125 | K52: 111.9 | L52: 102.8 | M52: 113.4 | N52: 113.7 | O52: 120.4 | P52: 118.9 | Q52: 116.8 | R52: 118 | S52: 115.2 | T52: 117.6 | U52: 114.3 | V52: 112.5 | W52: 114.1 | X52: 111.8 | Y52: 111.3 | Z52: 111.2 | AA52: 113 | AB52: 109.1 | AC52: 111.8 | AD52: 115.8
A53: Rural | B53: 2014 | C53: June | D53: 120.7 | E53: 121.6 | F53: 116.1 | G53: 119.3 | H53: 110.3 | I53: 125.8 | J53: 129.3 | K53: 112.2 | L53: 103.6 | M53: 112.3 | N53: 114.9 | O53: 120.1 | P53: 119.5 | Q53: 117.3 | R53: 119.7 | S53: 117.3 | T53: 119.3 | U53: NA | V53: 114.4 | W53: 114.9 | X53: 112.8 | Y53: 112.2 | Z53: 111.4 | AA53: 114.3 | AB53: 108 | AC53: 112.3 | AD53: 117
A54: Urban | B54: 2014 | C54: June | D54: 123.1 | E54: 125.9 | F54: 115.4 | G54: 120.4 | H54: 103.4 | I54: 131.2 | J54: 137.5 | K54: 112.8 | L54: 101.4 | M54: 118.3 | N54: 113.2 | O54: 122.4 | P54: 122 | Q54: 119 | R54: 117.4 | S54: 113.2 | T54: 116.7 | U54: 113.9 | V54: 111.2 | W54: 114.3 | X54: 111.4 | Y54: 111.5 | Z54: 111.8 | AA54: 115.1 | AB54: 108.7 | AC54: 112.2 | AD54: 116.4
A55: Rural+Urban | B55: 2014 | C55: June | D55: 121.5 | E55: 123.1 | F55: 115.8 | G55: 119.7 | H55: 107.8 | I55: 128.3 | J55: 132.1 | K55: 112.4 | L55: 102.9 | M55: 114.3 | N55: 114.2 | O55: 121.2 | P55: 120.4 | Q55: 117.8 | R55: 118.8 | S55: 115.6 | T55: 118.3 | U55: 113.9 | V55: 113.2 | W55: 114.6 | X55: 112.3 | Y55: 111.8 | Z55: 111.6 | AA55: 114.8 | AB55: 108.3 | AC55: 112.3 | AD55: 116.7
A56: Rural | B56: 2014 | C56: July | D56: 121.7 | E56: 122.5 | F56: 117.7 | G56: 120.6 | H56: 110.4 | I56: 129.1 | J56: 150.1 | K56: 113.2 | L56: 104.8 | M56: 113.3 | N56: 115.6 | O56: 120.9 | P56: 123.3 | Q56: 118 | R56: 120.7 | S56: 118.3 | T56: 120.3 | U56: NA | V56: 115.3 | W56: 115.4 | X56: 113.4 | Y56: 113.2 | Z56: 111.8 | AA56: 115.5 | AB56: 108.8 | AC56: 113.1 | AD56: 119.5
A57: Urban | B57: 2014 | C57: July | D57: 123.8 | E57: 126.4 | F57: 118 | G57: 121.6 | H57: 103.5 | I57: 133.7 | J57: 172.4 | K57: 113.1 | L57: 102.7 | M57: 120 | N57: 113.8 | O57: 123.4 | P57: 127.1 | Q57: 121 | R57: 118 | S57: 113.6 | T57: 117.4 | U57: 114.8 | V57: 111.6 | W57: 114.9 | X57: 111.5 | Y57: 113 | Z57: 112.4 | AA57: 117.8 | AB57: 109.7 | AC57: 113.5 | AD57: 118.9
A58: Rural+Urban | B58: 2014 | C58: July | D58: 122.4 | E58: 123.9 | F58: 117.8 | G58: 121 | H58: 107.9 | I58: 131.2 | J58: 157.7 | K58: 113.2 | L58: 104.1 | M58: 115.5 | N58: 114.8 | O58: 122.1 | P58: 124.7 | Q58: 118.8 | R58: 119.6 | S58: 116.3 | T58: 119.1 | U58: 114.8 | V58: 113.9 | W58: 115.2 | X58: 112.7 | Y58: 113.1 | Z58: 112.1 | AA58: 116.8 | AB58: 109.2 | AC58: 113.3 | AD58: 119.2
A59: Rural | B59: 2014 | C59: August | D59: 121.8 | E59: 122.8 | F59: 117.8 | G59: 121.9 | H59: 110.6 | I59: 129.7 | J59: 161.1 | K59: 114.1 | L59: 105.1 | M59: 114.6 | N59: 115.8 | O59: 121.7 | P59: 125.3 | Q59: 118.8 | R59: 120.9 | S59: 118.8 | T59: 120.7 | U59: NA | V59: 115.4 | W59: 115.9 | X59: 114 | Y59: 113.2 | Z59: 112.2 | AA59: 116.2 | AB59: 109.4 | AC59: 113.5 | AD59: 120.7
A60: Urban | B60: 2014 | C60: August | D60: 124.8 | E60: 127.3 | F60: 116.5 | G60: 122.2 | H60: 103.6 | I60: 132.7 | J60: 181.9 | K60: 115.2 | L60: 102.7 | M60: 122.1 | N60: 114.4 | O60: 124.7 | P60: 128.9 | Q60: 123 | R60: 118.6 | S60: 114.1 | T60: 117.9 | U60: 115.5 | V60: 111.8 | W60: 115.3 | X60: 112.2 | Y60: 112.5 | Z60: 112.9 | AA60: 119.2 | AB60: 110.5 | AC60: 113.9 | AD60: 119.9
A61: Rural+Urban | B61: 2014 | C61: August | D61: 122.7 | E61: 124.4 | F61: 117.3 | G61: 122 | H61: 108 | I61: 131.1 | J61: 168.2 | K61: 114.5 | L61: 104.3 | M61: 117.1 | N61: 115.2 | O61: 123.1 | P61: 126.6 | Q61: 119.9 | R61: 120 | S61: 116.8 | T61: 119.6 | U61: 115.5 | V61: 114 | W61: 115.6 | X61: 113.3 | Y61: 112.8 | Z61: 112.6 | AA61: 118 | AB61: 109.9 | AC61: 113.7 | AD61: 120.3
A62: Rural | B62: 2014 | C62: September | D62: 122.3 | E62: 122.4 | F62: 117.8 | G62: 122.7 | H62: 110.4 | I62: 129.8 | J62: 158.8 | K62: 115 | L62: 104.7 | M62: 114.9 | N62: 116.5 | O62: 122.6 | P62: 125.3 | Q62: 119.5 | R62: 121.7 | S62: 119.2 | T62: 121.3 | U62: NA | V62: 115.8 | W62: 116.7 | X62: 114.5 | Y62: 112.8 | Z62: 112.6 | AA62: 116.6 | AB62: 109.1 | AC62: 113.7 | AD62: 120.9
A63: Urban | B63: 2014 | C63: September | D63: 124.2 | E63: 125.4 | F63: 116.4 | G63: 122.7 | H63: 103.5 | I63: 124.5 | J63: 168.6 | K63: 116.9 | L63: 101.9 | M63: 122.9 | N63: 114.8 | O63: 125.2 | P63: 126.7 | Q63: 124.3 | R63: 119.2 | S63: 114.5 | T63: 118.4 | U63: 116.1 | V63: 111.8 | W63: 115.5 | X63: 112.3 | Y63: 111.2 | Z63: 113.4 | AA63: 120 | AB63: 110 | AC63: 113.6 | AD63: 119.2
A64: Rural+Urban | B64: 2014 | C64: September | D64: 122.9 | E64: 123.5 | F64: 117.3 | G64: 122.7 | H64: 107.9 | I64: 127.3 | J64: 162.1 | K64: 115.6 | L64: 103.8 | M64: 117.6 | N64: 115.8 | O64: 123.8 | P64: 125.8 | Q64: 120.8 | R64: 120.7 | S64: 117.2 | T64: 120.1 | U64: 116.1 | V64: 114.3 | W64: 116.1 | X64: 113.7 | Y64: 112 | Z64: 113.1 | AA64: 118.6 | AB64: 109.5 | AC64: 113.7 | AD64: 120.1
A65: Rural | B65: 2014 | C65: October | D65: 122.6 | E65: 122.5 | F65: 118.3 | G65: 123.2 | H65: 110.5 | I65: 128.9 | J65: 155.3 | K65: 115.5 | L65: 104 | M65: 115.3 | N65: 116.8 | O65: 123.2 | P65: 125.1 | Q65: 120 | R65: 122.7 | S65: 120.3 | T65: 122.3 | U65: NA | V65: 116.4 | W65: 117.5 | X65: 115.3 | Y65: 112.6 | Z65: 113 | AA65: 116.9 | AB65: 109.3 | AC65: 114 | AD65: 121
A66: Urban | B66: 2014 | C66: October | D66: 124.6 | E66: 126.1 | F66: 117.8 | G66: 123.1 | H66: 103.5 | I66: 123.5 | J66: 159.6 | K66: 117.4 | L66: 101.2 | M66: 123.8 | N66: 115.2 | O66: 125.9 | P66: 125.8 | Q66: 124.3 | R66: 119.6 | S66: 114.9 | T66: 118.9 | U66: 116.7 | V66: 112 | W66: 115.8 | X66: 112.6 | Y66: 111 | Z66: 113.6 | AA66: 120.2 | AB66: 110.1 | AC66: 113.7 | AD66: 119.1
A67: Rural+Urban | B67: 2014 | C67: October | D67: 123.2 | E67: 123.8 | F67: 118.1 | G67: 123.2 | H67: 107.9 | I67: 126.4 | J67: 156.8 | K67: 116.1 | L67: 103.1 | M67: 118.1 | N67: 116.1 | O67: 124.5 | P67: 125.4 | Q67: 121.1 | R67: 121.5 | S67: 118.1 | T67: 121 | U67: 116.7 | V67: 114.7 | W67: 116.7 | X67: 114.3 | Y67: 111.8 | Z67: 113.3 | AA67: 118.8 | AB67: 109.6 | AC67: 113.9 | AD67: 120.1
A68: Rural | B68: 2014 | C68: November | D68: 122.7 | E68: 122.6 | F68: 119.9 | G68: 124 | H68: 110.5 | I68: 128.8 | J68: 152 | K68: 116.2 | L68: 103.3 | M68: 115.8 | N68: 116.8 | O68: 124.5 | P68: 124.9 | Q68: 120.8 | R68: 123.3 | S68: 120.5 | T68: 122.9 | U68: NA | V68: 117.3 | W68: 118.1 | X68: 115.9 | Y68: 112 | Z68: 113.3 | AA68: 117.2 | AB68: 108.8 | AC68: 114.1 | AD68: 121.1
A69: Urban | B69: 2014 | C69: November | D69: 124.5 | E69: 125.6 | F69: 122.7 | G69: 124.6 | H69: 103.2 | I69: 122.2 | J69: 153.2 | K69: 119.3 | L69: 99.8 | M69: 124.6 | N69: 115.8 | O69: 126.9 | P69: 125.4 | Q69: 125.8 | R69: 120.3 | S69: 115.4 | T69: 119.5 | U69: 117.1 | V69: 112.6 | W69: 116.4 | X69: 113 | Y69: 109.7 | Z69: 114 | AA69: 120.3 | AB69: 109.6 | AC69: 113.4 | AD69: 119
A70: Rural+Urban | B70: 2014 | C70: November | D70: 123.3 | E70: 123.7 | F70: 121 | G70: 124.2 | H70: 107.8 | I70: 125.7 | J70: 152.4 | K70: 117.2 | L70: 102.1 | M70: 118.7 | N70: 116.4 | O70: 125.6 | P70: 125.1 | Q70: 122.1 | R70: 122.1 | S70: 118.4 | T70: 121.6 | U70: 117.1 | V70: 115.5 | W70: 117.3 | X70: 114.8 | Y70: 110.8 | Z70: 113.7 | AA70: 119 | AB70: 109.1 | AC70: 113.8 | AD70: 120.1
A71: Rural | B71: 2014 | C71: December | D71: 122.4 | E71: 122.4 | F71: 121.8 | G71: 124.2 | H71: 110.2 | I71: 128.6 | J71: 140.3 | K71: 116.3 | L71: 102 | M71: 116 | N71: 117.3 | O71: 124.8 | P71: 123.3 | Q71: 121.7 | R71: 123.8 | S71: 120.6 | T71: 123.3 | U71: NA | V71: 117.4 | W71: 118.2 | X71: 116.2 | Y71: 111.5 | Z71: 113.3 | AA71: 117.7 | AB71: 109.4 | AC71: 114.2 | AD71: 120.3
A72: Urban | B72: 2014 | C72: December | D72: 124 | E72: 124.7 | F72: 126.3 | G72: 124.9 | H72: 103 | I72: 122.3 | J72: 141 | K72: 120.1 | L72: 97.8 | M72: 125.4 | N72: 116.1 | O72: 127.6 | P72: 124 | Q72: 126.4 | R72: 120.7 | S72: 115.8 | T72: 120 | U72: 116.5 | V72: 113 | W72: 116.8 | X72: 113.2 | Y72: 108.8 | Z72: 114.3 | AA72: 120.7 | AB72: 110.4 | AC72: 113.4 | AD72: 118.4
A73: Rural+Urban | B73: 2014 | C73: December | D73: 122.9 | E73: 123.2 | F73: 123.5 | G73: 124.5 | H73: 107.6 | I73: 125.7 | J73: 140.5 | K73: 117.6 | L73: 100.6 | M73: 119.1 | N73: 116.8 | O73: 126.1 | P73: 123.6 | Q73: 123 | R73: 122.6 | S73: 118.6 | T73: 122 | U73: 116.5 | V73: 115.7 | W73: 117.5 | X73: 115.1 | Y73: 110.1 | Z73: 113.9 | AA73: 119.5 | AB73: 109.8 | AC73: 113.8 | AD73: 119.4
A74: Rural | B74: 2015 | C74: January | D74: 123.1 | E74: 123.1 | F74: 122.1 | G74: 124.9 | H74: 111 | I74: 130.4 | J74: 132.3 | K74: 117.2 | L74: 100.5 | M74: 117.2 | N74: 117.9 | O74: 125.6 | P74: 122.8 | Q74: 122.7 | R74: 124.4 | S74: 121.6 | T74: 124 | U74: NA | V74: 118.4 | W74: 118.9 | X74: 116.6 | Y74: 111 | Z74: 114 | AA74: 118.2 | AB74: 110.2 | AC74: 114.5 | AD74: 120.3
A75: Urban | B75: 2015 | C75: January | D75: 124 | E75: 125.5 | F75: 126.6 | G75: 125.2 | H75: 104.3 | I75: 121.3 | J75: 134.4 | K75: 122.9 | L75: 96.1 | M75: 126.6 | N75: 116.5 | O75: 128 | P75: 123.5 | Q75: 127.4 | R75: 121 | S75: 116.1 | T75: 120.2 | U75: 117.3 | V75: 113.4 | W75: 117.2 | X75: 113.7 | Y75: 107.9 | Z75: 114.6 | AA75: 120.8 | AB75: 111.4 | AC75: 113.4 | AD75: 118.5
A76: Rural+Urban | B76: 2015 | C76: January | D76: 123.4 | E76: 123.9 | F76: 123.8 | G76: 125 | H76: 108.5 | I76: 126.2 | J76: 133 | K76: 119.1 | L76: 99 | M76: 120.3 | N76: 117.3 | O76: 126.7 | P76: 123.1 | Q76: 124 | R76: 123.1 | S76: 119.3 | T76: 122.5 | U76: 117.3 | V76: 116.5 | W76: 118.1 | X76: 115.5 | Y76: 109.4 | Z76: 114.3 | AA76: 119.7 | AB76: 110.7 | AC76: 114 | AD76: 119.5
A77: Rural | B77: 2015 | C77: February | D77: 123.4 | E77: 124.4 | F77: 122.1 | G77: 125.8 | H77: 111.5 | I77: 129.4 | J77: 128.2 | K77: 118.8 | L77: 100 | M77: 118.6 | N77: 118.8 | O77: 126.8 | P77: 122.8 | Q77: 124.2 | R77: 125.4 | S77: 122.7 | T77: 125 | U77: NA | V77: 120 | W77: 119.6 | X77: 117.7 | Y77: 110.9 | Z77: 114.8 | AA77: 118.7 | AB77: 110.8 | AC77: 115 | AD77: 120.6
A78: Urban | B78: 2015 | C78: February | D78: 124.3 | E78: 126.5 | F78: 119.5 | G78: 125.6 | H78: 104.9 | I78: 121.6 | J78: 131.8 | K78: 125.1 | L78: 95 | M78: 127.7 | N78: 116.8 | O78: 128.6 | P78: 123.7 | Q78: 128.1 | R78: 121.3 | S78: 116.5 | T78: 120.6 | U78: 118.1 | V78: 114 | W78: 117.7 | X78: 114.1 | Y78: 106.8 | Z78: 114.9 | AA78: 120.4 | AB78: 111.7 | AC78: 113.2 | AD78: 118.7
A79: Rural+Urban | B79: 2015 | C79: February | D79: 123.7 | E79: 125.1 | F79: 121.1 | G79: 125.7 | H79: 109.1 | I79: 125.8 | J79: 129.4 | K79: 120.9 | L79: 98.3 | M79: 121.6 | N79: 118 | O79: 127.6 | P79: 123.1 | Q79: 125.2 | R79: 123.8 | S79: 120.1 | T79: 123.3 | U79: 118.1 | V79: 117.7 | W79: 118.7 | X79: 116.3 | Y79: 108.7 | Z79: 114.9 | AA79: 119.7 | AB79: 111.2 | AC79: 114.1 | AD79: 119.7
A80: Rural | B80: 2015 | C80: March | D80: 123.3 | E80: 124.7 | F80: 118.9 | G80: 126 | H80: 111.8 | I80: 130.9 | J80: 128 | K80: 119.9 | L80: 98.9 | M80: 119.4 | N80: 118.9 | O80: 127.7 | P80: 123.1 | Q80: 124.7 | R80: 126 | S80: 122.9 | T80: 125.5 | U80: NA | V80: 120.6 | W80: 120.2 | X80: 118.2 | Y80: 111.6 | Z80: 115.5 | AA80: 119.4 | AB80: 110.8 | AC80: 115.5 | AD80: 121.1
A81: Urban | B81: 2015 | C81: March | D81: 124 | E81: 126.7 | F81: 113.5 | G81: 125.9 | H81: 104.8 | I81: 123.8 | J81: 131.4 | K81: 127.2 | L81: 93.2 | M81: 127.4 | N81: 117 | O81: 129.2 | P81: 123.9 | Q81: 128.8 | R81: 121.7 | S81: 116.9 | T81: 120.9 | U81: 118.6 | V81: 114.4 | W81: 118 | X81: 114.3 | Y81: 108.4 | Z81: 115.4 | AA81: 120.6 | AB81: 111.3 | AC81: 113.8 | AD81: 119.1
A82: Rural+Urban | B82: 2015 | C82: March | D82: 123.5 | E82: 125.4 | F82: 116.8 | G82: 126 | H82: 109.2 | I82: 127.6 | J82: 129.2 | K82: 122.4 | L82: 97 | M82: 122.1 | N82: 118.1 | O82: 128.4 | P82: 123.4 | Q82: 125.8 | R82: 124.3 | S82: 120.4 | T82: 123.7 | U82: 118.6 | V82: 118.3 | W82: 119.2 | X82: 116.7 | Y82: 109.9 | Z82: 115.4 | AA82: 120.1 | AB82: 111 | AC82: 114.7 | AD82: 120.2
A83: Rural | B83: 2015 | C83: April | D83: 123.3 | E83: 125.5 | F83: 117.2 | G83: 126.8 | H83: 111.9 | I83: 134.2 | J83: 127.5 | K83: 121.5 | L83: 97.8 | M83: 119.8 | N83: 119.4 | O83: 128.7 | P83: 123.6 | Q83: 125.7 | R83: 126.4 | S83: 123.3 | T83: 126 | U83: NA | V83: 121.2 | W83: 120.9 | X83: 118.6 | Y83: 111.9 | Z83: 116.2 | AA83: 119.9 | AB83: 111.6 | AC83: 116 | AD83: 121.5
A84: Urban | B84: 2015 | C84: April | D84: 123.8 | E84: 128.2 | F84: 110 | G84: 126.3 | H84: 104.5 | I84: 130.6 | J84: 130.8 | K84: 131.3 | L84: 91.6 | M84: 127.7 | N84: 117.2 | O84: 129.5 | P84: 124.6 | Q84: 130.1 | R84: 122.1 | S84: 117.2 | T84: 121.3 | U84: 119.2 | V84: 114.7 | W84: 118.4 | X84: 114.6 | Y84: 108.4 | Z84: 115.6 | AA84: 121.7 | AB84: 111.8 | AC84: 114.2 | AD84: 119.7
A85: Rural+Urban | B85: 2015 | C85: April | D85: 123.5 | E85: 126.4 | F85: 114.4 | G85: 126.6 | H85: 109.2 | I85: 132.5 | J85: 128.6 | K85: 124.8 | L85: 95.7 | M85: 122.4 | N85: 118.5 | O85: 129.1 | P85: 124 | Q85: 126.9 | R85: 124.7 | S85: 120.8 | T85: 124.1 | U85: 119.2 | V85: 118.7 | W85: 119.7 | X85: 117.1 | Y85: 110.1 | Z85: 115.9 | AA85: 121 | AB85: 111.7 | AC85: 115.1 | AD85: 120.7
A86: Rural | B86: 2015 | C86: May | D86: 123.5 | E86: 127.1 | F86: 117.3 | G86: 127.7 | H86: 112.5 | I86: 134.1 | J86: 128.5 | K86: 124.3 | L86: 97.6 | M86: 120.7 | N86: 120.2 | O86: 129.8 | P86: 124.4 | Q86: 126.7 | R86: 127.3 | S86: 124.1 | T86: 126.8 | U86: NA | V86: 121.9 | W86: 121.5 | X86: 119.4 | Y86: 113.3 | Z86: 116.7 | AA86: 120.5 | AB86: 112.3 | AC86: 116.9 | AD86: 122.4
A87: Urban | B87: 2015 | C87: May | D87: 123.8 | E87: 129.7 | F87: 111.3 | G87: 126.6 | H87: 105.2 | I87: 130.8 | J87: 135.6 | K87: 142.6 | L87: 90.8 | M87: 128.8 | N87: 117.7 | O87: 129.9 | P87: 126.1 | Q87: 131.3 | R87: 122.4 | S87: 117.4 | T87: 121.6 | U87: 119.6 | V87: 114.9 | W87: 118.7 | X87: 114.9 | Y87: 110.8 | Z87: 116 | AA87: 122 | AB87: 112.4 | AC87: 115.2 | AD87: 120.7
A88: Rural+Urban | B88: 2015 | C88: May | D88: 123.6 | E88: 128 | F88: 115 | G88: 127.3 | H88: 109.8 | I88: 132.6 | J88: 130.9 | K88: 130.5 | L88: 95.3 | M88: 123.4 | N88: 119.2 | O88: 129.8 | P88: 125 | Q88: 127.9 | R88: 125.4 | S88: 121.3 | T88: 124.7 | U88: 119.6 | V88: 119.2 | W88: 120.2 | X88: 117.7 | Y88: 112 | Z88: 116.3 | AA88: 121.4 | AB88: 112.3 | AC88: 116.1 | AD88: 121.6
A89: Rural | B89: 2015 | C89: June | D89: 124.1 | E89: 130.4 | F89: 122.1 | G89: 128.7 | H89: 114.1 | I89: 133.2 | J89: 135.2 | K89: 131.9 | L89: 96.3 | M89: 123 | N89: 121.1 | O89: 131.2 | P89: 126.6 | Q89: 128.2 | R89: 128.4 | S89: 125.1 | T89: 128 | U89: NA | V89: 122.6 | W89: 122.8 | X89: 120.4 | Y89: 114.2 | Z89: 117.9 | AA89: 122 | AB89: 113 | AC89: 117.9 | AD89: 124.1
A90: Urban | B90: 2015 | C90: June | D90: 123.6 | E90: 134.4 | F90: 120.9 | G90: 127.3 | H90: 106 | I90: 132.3 | J90: 146.7 | K90: 148.1 | L90: 89.8 | M90: 130.5 | N90: 118 | O90: 130.5 | P90: 128.5 | Q90: 132.1 | R90: 123.2 | S90: 117.6 | T90: 122.3 | U90: 119 | V90: 115.1 | W90: 119.2 | X90: 115.4 | Y90: 111.7 | Z90: 116.2 | AA90: 123.8 | AB90: 112.5 | AC90: 116 | AD90: 121.7
A91: Rural+Urban | B91: 2015 | C91: June | D91: 123.9 | E91: 131.8 | F91: 121.6 | G91: 128.2 | H91: 111.1 | I91: 132.8 | J91: 139.1 | K91: 137.4 | L91: 94.1 | M91: 125.5 | N91: 119.8 | O91: 130.9 | P91: 127.3 | Q91: 129.2 | R91: 126.4 | S91: 122 | T91: 125.7 | U91: 119 | V91: 119.8 | W91: 121.1 | X91: 118.5 | Y91: 112.9 | Z91: 116.9 | AA91: 123.1 | AB91: 112.8 | AC91: 117 | AD91: 123
A92: Rural | B92: 2015 | C92: July | D92: 124 | E92: 131.5 | F92: 122 | G92: 128.7 | H92: 113.5 | I92: 133.3 | J92: 140.8 | K92: 133.8 | L92: 94.1 | M92: 123.4 | N92: 121 | O92: 131.7 | P92: 127.5 | Q92: 129.4 | R92: 128.8 | S92: 125.5 | T92: 128.3 | U92: NA | V92: 123 | W92: 123 | X92: 120.8 | Y92: 114.1 | Z92: 118 | AA92: 122.9 | AB92: 112.7 | AC92: 118.1 | AD92: 124.7
A93: Urban | B93: 2015 | C93: July | D93: 123.2 | E93: 134.3 | F93: 119.5 | G93: 127.7 | H93: 106.3 | I93: 132.8 | J93: 153.5 | K93: 149.5 | L93: 85.7 | M93: 131.5 | N93: 118.3 | O93: 131.1 | P93: 129.5 | Q93: 133.1 | R93: 123.5 | S93: 117.9 | T93: 122.7 | U93: 119.9 | V93: 115.3 | W93: 119.5 | X93: 116 | Y93: 111.5 | Z93: 116.6 | AA93: 125.4 | AB93: 111.7 | AC93: 116.3 | AD93: 122.4
A94: Rural+Urban | B94: 2015 | C94: July | D94: 123.7 | E94: 132.5 | F94: 121 | G94: 128.3 | H94: 110.9 | I94: 133.1 | J94: 145.1 | K94: 139.1 | L94: 91.3 | M94: 126.1 | N94: 119.9 | O94: 131.4 | P94: 128.2 | Q94: 130.4 | R94: 126.7 | S94: 122.3 | T94: 126.1 | U94: 119.9 | V94: 120.1 | W94: 121.3 | X94: 119 | Y94: 112.7 | Z94: 117.2 | AA94: 124.4 | AB94: 112.3 | AC94: 117.2 | AD94: 123.6
A95: Rural | B95: 2015 | C95: August | D95: 124.7 | E95: 131.3 | F95: 121.3 | G95: 128.8 | H95: 114 | I95: 134.2 | J95: 153.6 | K95: 137.9 | L95: 93.1 | M95: 123.9 | N95: 121.5 | O95: 132.5 | P95: 129.8 | Q95: 130.1 | R95: 129.5 | S95: 126.3 | T95: 129 | U95: NA | V95: 123.8 | W95: 123.7 | X95: 121.1 | Y95: 113.6 | Z95: 118.5 | AA95: 123.6 | AB95: 112.5 | AC95: 118.2 | AD95: 126.1
A96: Urban | B96: 2015 | C96: August | D96: 123.1 | E96: 131.7 | F96: 118.1 | G96: 128 | H96: 106.8 | I96: 130.1 | J96: 165.5 | K96: 156 | L96: 85.3 | M96: 132.7 | N96: 118.8 | O96: 131.7 | P96: 131.1 | Q96: 134.2 | R96: 123.7 | S96: 118.2 | T96: 122.9 | U96: 120.9 | V96: 115.3 | W96: 120 | X96: 116.6 | Y96: 109.9 | Z96: 117.2 | AA96: 126.2 | AB96: 112 | AC96: 116.2 | AD96: 123.2
A97: Rural+Urban | B97: 2015 | C97: August | D97: 124.2 | E97: 131.4 | F97: 120.1 | G97: 128.5 | H97: 111.4 | I97: 132.3 | J97: 157.6 | K97: 144 | L97: 90.5 | M97: 126.8 | N97: 120.4 | O97: 132.1 | P97: 130.3 | Q97: 131.2 | R97: 127.2 | S97: 122.9 | T97: 126.6 | U97: 120.9 | V97: 120.6 | W97: 122 | X97: 119.4 | Y97: 111.7 | Z97: 117.8 | AA97: 125.1 | AB97: 112.3 | AC97: 117.2 | AD97: 124.8
A98: Rural | B98: 2015 | C98: September | D98: 125.1 | E98: 131.1 | F98: 120.7 | G98: 129.2 | H98: 114.7 | I98: 132.3 | J98: 158.9 | K98: 142.1 | L98: 92.5 | M98: 125.4 | N98: 121.9 | O98: 132.7 | P98: 131 | Q98: 131 | R98: 130.4 | S98: 126.8 | T98: 129.9 | U98: NA | V98: 123.7 | W98: 124.5 | X98: 121.4 | Y98: 113.8 | Z98: 119.6 | AA98: 124.5 | AB98: 113.7 | AC98: 118.8 | AD98: 127
A99: Urban | B99: 2015 | C99: September | D99: 123.4 | E99: 129 | F99: 115.6 | G99: 128.3 | H99: 107 | I99: 124 | J99: 168.5 | K99: 165.4 | L99: 86.3 | M99: 134.4 | N99: 119.1 | O99: 132.3 | P99: 131.5 | Q99: 134.7 | R99: 124 | S99: 118.6 | T99: 123.2 | U99: 121.6 | V99: 115.1 | W99: 120.4 | X99: 117.1 | Y99: 109.1 | Z99: 117.3 | AA99: 126.5 | AB99: 112.9 | AC99: 116.2 | AD99: 123.5
A100: Rural+Urban | B100: 2015 | C100: September | D100: 124.6 | E100: 130.4 | F100: 118.7 | G100: 128.9 | H100: 111.9 | I100: 128.4 | J100: 162.2 | K100: 150 | L100: 90.4 | M100: 128.4 | N100: 120.7 | O100: 132.5 | P100: 131.2 | Q100: 132 | R100: 127.9 | S100: 123.4 | T100: 127.2 | U100: 121.6 | V100: 120.4 | W100: 122.6 | X100: 119.8 | Y100: 111.3 | Z100: 118.3 | AA100: 125.7 | AB100: 113.4 | AC100: 117.5 | AD100: 125.4
...

Sheet Sheet4
A1: Month Year | B1: 45047
A3: Row Labels | B3: Average of CPI Value | C3: Average of CPI Value2
A4: Recreation and amusement | B4: 1.0413643 | C4: 186.55
A5: Health | B5: 1.0340144 | C5: 185.23333
A6: Clothing and footwear | B6: 1.0245246 | C6: 183.53333
A7: Fuel and light | B7: 1.0209892 | C7: 182.9
A8: Household Items | B8: 1.005545 | C8: 180.13333
A9: General index | B9: 0.99940456 | C9: 179.03333
A10: Food &Beverage | B10: 0.99230512 | C10: 177.76154
A11: Education | B11: 0.99028693 | C11: 177.4
A12: Miscellaneous | B12: 0.98023892 | C12: 175.6
A13: Housing | B13: 0.98023892 | C13: 175.6
A14: Transport and communication | B14: 0.92088125 | C14: 164.96667
A15: Grand Total | B15: 1 | C15: 179.14

Sheet Sheet2
A1: Sector | B1: Year | C1: Month | D1: Month Year | E1: Categories | F1: CPI Value | G1: New Clubbed Category
A2: Rural | B2: 2013 | C2: January | D2: 41275 | E2: Cereals and products | F2: 107.5 | G2: =VLOOKUP(Table1_2[[#This Row],[Categories]],Sheet3!$A$1:$B$27,2,FALSE) -> Food &Beverage
A3: Rural | B3: 2013 | C3: January | D3: 41275 | E3: Meat and fish | F3: 106.3 | G3: =VLOOKUP(Table1_2[[#This Row],[Categories]],Sheet3!$A$1:$B$27,2,FALSE) -> Food &Beverage
A4: Rural | B4: 2013 | C4: January | D4: 41275 | E4: Egg | F4: 108.1 | G4: =VLOOKUP(Table1_2[[#This Row],[Categories]],Sheet3!$A$1:$B$27,2,FALSE) -> Food &Beverage
A5: Rural | B5: 2013 | C5: January | D5: 41275 | E5: Milk and products | F5: 104.9 | G5: =VLOOKUP(Table1_2[[#This Row],[Categories]],Sheet3!$A$1:$B$27,2,FALSE) -> Food &Beverage
A6: Rural | B6: 2013 | C6: January | D6: 41275 | E6: Oils and fats | F6: 106.1 | G6: =VLOOKUP(Table1_2[[#This Row],[Categories]],Sheet3!$A$1:$B$27,2,FALSE) -> Food &Beverage
A7: Rural | B7: 2013 | C7: January | D7: 41275 | E7: Fruits | F7: 103.9 | G7: =VLOOKUP(Table1_2[[#This Row],[Categories]],Sheet3!$A$1:$B$27,2,FALSE) -> Food &Beverage
A8: Rural | B8: 2013 | C8: January | D8: 41275 | E8: Vegetables | F8: 101.9 | G8: =VLOOKUP(Table1_2[[#This Row],[Categories]],Sheet3!$A$1:$B$27,2,FALSE) -> Food &Beverage
A9: Rural | B9: 2013 | C9: January | D9: 41275 | E9: Pulses and products | F9: 106.1 | G9: =VLOOKUP(Table1_2[[#This Row],[Categories]],Sheet3!$A$1:$B$27,2,FALSE) -> Food &Beverage
A10: Rural | B10: 2013 | C10: January | D10: 41275 | E10: Sugar and Confectionery | F10: 106.8 | G10: =VLOOKUP(Table1_2[[#This Row],[Categories]],Sheet3!$A$1:$B$27,2,FALSE) -> Food &Beverage
A11: Rural | B11: 2013 | C11: January | D11: 41275 | E11: Spices | F11: 103.1 | G11: =VLOOKUP(Table1_2[[#This Row],[Categories]],Sheet3!$A$1:$B$27,2,FALSE) -> Food &Beverage
A12: Rural | B12: 2013 | C12: January | D12: 41275 | E12: Non-alcoholic beverages | F12: 104.8 | G12: =VLOOKUP(Table1_2[[#This Row],[Categories]],Sheet3!$A$1:$B$27,2,FALSE) -> Food &Beverage
A13: Rural | B13: 2013 | C13: January | D13: 41275 | E13: Prepared meals, snacks, sweets etc. | F13: 106.7 | G13: =VLOOKUP(Table1_2[[#This Row],[Categories]],Sheet3!$A$1:$B$27,2,FALSE) -> Food &Beverage
... A801: Rural+Urban | B801: 2013 | C801: October | D801: 41548 | E801: General index | F801: 114.8 | G801: =VLOOKUP(Table1_2[[#This Row],[Categories]],Sheet3!$A$1:$B$27,2,FALSE) -> General index
G802: =VLOOKUP(Table1_2[[#This Row],[Categories]],Sheet3!$A$1:$B$27,2,FALSE) -> #N/A
G803: =VLOOKUP(Table1_2[[#This Row],[Categories]],Sheet3!$A$1:$B$27,2,FALSE) -> #N/A
G804: =VLOOKUP(Table1_2[[#This Row],[Categories]],Sheet3!$A$1:$B$27,2,FALSE) -> #N/A
G805: =VLOOKUP(Table1_2[[#This Row],[Categories]],Sheet3!$A$1:$B$27,2,FALSE) -> #N/A
G806: =VLOOKUP(Table1_2[[#This Row],[Categories]],Sheet3!$A$1:$B$27,2,FALSE) -> #N/A
G807: =VLOOKUP(Table1_2[[#This Row],[Categories]],Sheet3!$A$1:$B$27,2,FALSE) -> #N/A
G808: =VLOOKUP(Table1_2[[#This Row],[Categories]],Sheet3!$A$1:$B$27,2,FALSE) -> #N/A
G809: =VLOOKUP(Table1_2[[#This Row],[Categories]],Sheet3!$A$1:$B$27,2,FALSE) -> #N/A
G810: =VLOOKUP(Table1_2[[#This Row],[Categories]],Sheet3!$A$1:$B$27,2,FALSE) -> #N/A
G811: =VLOOKUP(Table1_2[[#This Row],[Categories]],Sheet3!$A$1:$B$27,2,FALSE) -> #N/A
G812: =VLOOKUP(Table1_2[[#This Row],[Categories]],Sheet3!$A$1:$B$27,2,FALSE) -> #N/A
G813: =VLOOKUP(Table1_2[[#This Row],[Categories]],Sheet3!$A$1:$B$27,2,FALSE) -> #N/A
... G827: =VLOOKUP(Table1_2[[#This Row],[Categories]],Sheet3!$A$1:$B$27,2,FALSE) -> #N/A
A828: Urban | B828: 2013 | C828: November | D828: 41579 | E828: Cereals and products | F828: 119.8 | G828: =VLOOKUP(Table1_2[[#This Row],[Categories]],Sheet3!$A$1:$B$27,2,FALSE) -> Food &Beverage
A829: Urban | B829: 2013 | C829: November | D829: 41579 | E829: Meat and fish | F829: 116.3 | G829: =VLOOKUP(Table1_2[[#This Row],[Categories]],Sheet3!$A$1:$B$27,2,FALSE) -> Food &Beverage
A830: Urban | B830: 2013 | C830: November | D830: 41579 | E830: Egg | F830: 122.6 | G830: =VLOOKUP(Table1_2[[#This Row],[Categories]],Sheet3!$A$1:$B$27,2,FALSE) -> Food &Beverage
A831: Urban | B831: 2013 | C831: November | D831: 41579 | E831: Milk and products | F831: 112 | G831: =VLOOKUP(Table1_2[[#This Row],[Categories]],Sheet3!$A$1:$B$27,2,FALSE) -> Food &Beverage
A832: Urban | B832: 2013 | C832: November | D832: 41579 | E832: Oils and fats | F832: 103.2 | G832: =VLOOKUP(Table1_2[[#This Row],[Categories]],Sheet3!$A$1:$B$27,2,FALSE) -> Food &Beverage
A833: Urban | B833: 2013 | C833: November | D833: 41579 | E833: Fruits | F833: 110 | G833: =VLOOKUP(Table1_2[[#This Row],[Categories]],Sheet3!$A$1:$B$27,2,FALSE) -> Food &Beverage
A834: Urban | B834: 2013 | C834: November | D834: 41579 | E834: Vegetables | F834: 192.8 | G834: =VLOOKUP(Table1_2[[#This Row],[Categories]],Sheet3!$A$1:$B$27,2,FALSE) -> Food &Beverage
A835: Urban | B835: 2013 | C835: November | D835: 41579 | E835: Pulses and products | F835: 106.3 | G835: =VLOOKUP(Table1_2[[#This Row],[Categories]],Sheet3!$A$1:$B$27,2,FALSE) -> Food &Beverage
A836: Urban | B836: 2013 | C836: November | D836: 41579 | E836: Sugar and Confectionery | F836: 99.5 | G836: =VLOOKUP(Table1_2[[#This Row],[Categories]],Sheet3!$A$1:$B$27,2,FALSE) -> Food &Beverage
A837: Urban | B837: 2013 | C837: November | D837: 41579 | E837: Spices | F837: 110.3 | G837: =VLOOKUP(Table1_2[[#This Row],[Categories]],Sheet3!$A$1:$B$27,2,FALSE) -> Food &Beverage
A838: Urban | B838: 2013 | C838: November | D838: 41579 | E838: Non-alcoholic beverages | F838: 111.8 | G838: =VLOOKUP(Table1_2[[#This Row],[Categories]],Sheet3!$A$1:$B$27,2,FALSE) -> Food &Beverage
A839: Urban | B839: 2013 | C839: November | D839: 41579 | E839: Prepared meals, snacks, sweets etc. | F839: 117.1 | G839: =VLOOKUP(Table1_2[[#This Row],[Categories]],Sheet3!$A$1:$B$27,2,FALSE) -> Food &Beverage
... A9817: Rural+Urban | B9817: 2023 | C9817: May | D9817: 45047 | E9817: Transport and communication | F9817: 164.8 | G9817: =VLOOKUP(Table1_2[[#This Row],[Categories]],Sheet3!$A$1:$B$27,2,FALSE) -> Transport and communication

Sheet Sheet3
A1: Cereals and products | B1: Food &Beverage
A2: Meat and fish | B2: =B1 -> Food &Beverage
A3: Egg | B3: =B2 -> Food &Beverage
A4: Milk and products | B4: =B3 -> Food &Beverage
A5: Oils and fats | B5: =B4 -> Food &Beverage
A6: Fruits | B6: =B5 -> Food &Beverage
A7: Vegetables | B7: =B6 -> Food &Beverage
A8: Pulses and products | B8: =B7 -> Food &Beverage
A9: Sugar and Confectionery | B9: =B8 -> Food &Beverage
A10: Spices | B10: =B9 -> Food &Beverage
A11: Non-alcoholic beverages | B11: =B10 -> Food &Beverage
A12: Prepared meals, snacks, sweets etc. | B12: =B11 -> Food &Beverage
A13: Food and beverages | B13: =B12 -> Food &Beverage
A14: Clothing | B14: Clothing and footwear
A15: Footwear | B15: =B14 -> Clothing and footwear
A16: Clothing and footwear | B16: =B15 -> Clothing and footwear
A17: Fuel and light | B17: Fuel and light
A18: Health | B18: Health
A19: Transport and communication | B19: Transport and communication
A20: Recreation and amusement | B20: Recreation and amusement
A21: Pan, tobacco and intoxicants | B21: =B20 -> Recreation and amusement
A22: Miscellaneous | B22: Miscellaneous
A23: General index | B23: General index
A24: Housing | B24: Housing
A25: Education | B25: Education
A26: Personal care and effects | B26: Household Items
A27: Household goods and services | B27: =B26 -> Household Items

Sheet Working Data
A1: Sector | B1: Year | C1: Month | D1: Cereals and products | E1: Meat and fish | F1: Egg | G1: Milk and products | H1: Oils and fats | I1: Fruits | J1: Vegetables | K1: Pulses and products | L1: Sugar and Confectionery | M1: Spices | N1: Non-alcoholic beverages | O1: Prepared meals, snacks, sweets etc. | P1: Food and beverages | Q1: Pan, tobacco and intoxicants | R1: Clothing | S1: Footwear | T1: Clothing and footwear | U1: Housing | V1: Fuel and light | W1: Household goods and services | X1: Health | Y1: Transport and communication | Z1: Recreation and amusement | AA1: Education | AB1: Personal care and effects | AC1: Miscellaneous | AD1: General index | AE1: Month Year
A2: Rural | B2: 2013 | C2: January | D2: 107.5 | E2: 106.3 | F2: 108.1 | G2: 104.9 | H2: 106.1 | I2: 103.9 | J2: 101.9 | K2: 106.1 | L2: 106.8 | M2: 103.1 | N2: 104.8 | O2: 106.7 | P2: 105.5 | Q2: 105.1 | R2: 106.5 | S2: 105.8 | T2: 106.4 | U2: =U3 -> 100.3 | V2: 105.5 | W2: 104.8 | X2: 104 | Y2: 103.3 | Z2: 103.4 | AA2: 103.8 | AB2: 104.7 | AC2: 104 | AD2: 105.1 | AE2: =DATE(B2, MATCH(C2,{"January","February","March","April","May","June","July","August","September","October","November","December"}, 0),1) -> 41275
A3: Urban | B3: 2013 | C3: January | D3: 110.5 | E3: 109.1 | F3: 113 | G3: 103.6 | H3: 103.4 | I3: 102.3 | J3: 102.9 | K3: 105.8 | L3: 105.1 | M3: 101.8 | N3: 105.1 | O3: 107.9 | P3: 105.9 | Q3: 105.2 | R3: 105.9 | S3: 105 | T3: 105.8 | U3: 100.3 | V3: 105.4 | W3: 104.8 | X3: 104.1 | Y3: 103.2 | Z3: 102.9 | AA3: 103.5 | AB3: 104.3 | AC3: 103.7 | AD3: 104 | AE3: =DATE(B3, MATCH(C3,{"January","February","March","April","May","June","July","August","September","October","November","December"}, 0),1) -> 41275
A4: Rural+Urban | B4: 2013 | C4: January | D4: 108.4 | E4: 107.3 | F4: 110 | G4: 104.4 | H4: 105.1 | I4: 103.2 | J4: 102.2 | K4: 106 | L4: 106.2 | M4: 102.7 | N4: 104.9 | O4: 107.3 | P4: 105.6 | Q4: 105.1 | R4: 106.3 | S4: 105.5 | T4: 106.2 | U4: 100.3 | V4: 105.5 | W4: 104.8 | X4: 104 | Y4: 103.2 | Z4: 103.1 | AA4: 103.6 | AB4: 104.5 | AC4: 103.9 | AD4: 104.6 | AE4: =DATE(B4, MATCH(C4,{"January","February","March","April","May","June","July","August","September","October","November","December"}, 0),1) -> 41275
A5: Rural | B5: 2013 | C5: February | D5: 109.2 | E5: 108.7 | F5: 110.2 | G5: 105.4 | H5: 106.7 | I5: 104 | J5: 102.4 | K5: 105.9 | L5: 105.7 | M5: 103.1 | N5: 105.1 | O5: 107.7 | P5: 106.3 | Q5: 105.6 | R5: 107.1 | S5: 106.3 | T5: 107 | U5: =U6 -> 100.4 | V5: 106.2 | W5: 105.2 | X5: 104.4 | Y5: 103.9 | Z5: 104 | AA5: 104.1 | AB5: 104.6 | AC5: 104.4 | AD5: 105.8 | AE5: =DATE(B5, MATCH(C5,{"January","February","March","April","May","June","July","August","September","October","November","December"}, 0),1) -> 41306
A6: Urban | B6: 2013 | C6: February | D6: 112.9 | E6: 112.9 | F6: 116.9 | G6: 104 | H6: 103.5 | I6: 103.1 | J6: 104.9 | K6: 104.1 | L6: 103.8 | M6: 102.3 | N6: 106 | O6: 109 | P6: 107.2 | Q6: 106 | R6: 106.6 | S6: 105.5 | T6: 106.4 | U6: 100.4 | V6: 105.7 | W6: 105.2 | X6: 104.7 | Y6: 104.4 | Z6: 103.3 | AA6: 103.7 | AB6: 104.3 | AC6: 104.3 | AD6: 104.7 | AE6: =DATE(B6, MATCH(C6,{"January","February","March","April","May","June","July","August","September","October","November","December"}, 0),1) -> 41306
A7: Rural+Urban | B7: 2013 | C7: February | D7: 110.4 | E7: 110.2 | F7: 112.8 | G7: 104.9 | H7: 105.5 | I7: 103.6 | J7: 103.2 | K7: 105.3 | L7: 105.1 | M7: 102.8 | N7: 105.5 | O7: 108.3 | P7: 106.6 | Q7: 105.7 | R7: 106.9 | S7: 106 | T7: 106.8 | U7: 100.4 | V7: 106 | W7: 105.2 | X7: 104.5 | Y7: 104.2 | Z7: 103.6 | AA7: 103.9 | AB7: 104.5 | AC7: 104.4 | AD7: 105.3 | AE7: =DATE(B7, MATCH(C7,{"January","February","March","April","May","June","July","August","September","October","November","December"}, 0),1) -> 41306
A8: Rural | B8: 2013 | C8: March | D8: 110.2 | E8: 108.8 | F8: 109.9 | G8: 105.6 | H8: 106.2 | I8: 105.7 | J8: 101.4 | K8: 105.7 | L8: 105 | M8: 103.3 | N8: 105.6 | O8: 108.2 | P8: 106.6 | Q8: 106.5 | R8: 107.6 | S8: 106.8 | T8: 107.5 | U8: =U9 -> 100.4 | V8: 106.1 | W8: 105.6 | X8: 104.7 | Y8: 104.6 | Z8: 104 | AA8: 104.3 | AB8: 104.3 | AC8: 104.6 | AD8: 106 | AE8: =DATE(B8, MATCH(C8,{"January","February","March","April","May","June","July","August","September","October","November","December"}, 0),1) -> 41334
A9: Urban | B9: 2013 | C9: March | D9: 113.9 | E9: 111.4 | F9: 113.2 | G9: 104.3 | H9: 102.7 | I9: 104.9 | J9: 103.8 | K9: 103.5 | L9: 102.6 | M9: 102.4 | N9: 107 | O9: 109.8 | P9: 107.3 | Q9: 106.8 | R9: 107.2 | S9: 106 | T9: 107 | U9: 100.4 | V9: 106 | W9: 105.7 | X9: 105.2 | Y9: 105.5 | Z9: 103.5 | AA9: 103.8 | AB9: 104.2 | AC9: 104.9 | AD9: 105 | AE9: =DATE(B9, MATCH(C9,{"January","February","March","April","May","June","July","August","September","October","November","December"}, 0),1) -> 41334
A10: Rural+Urban | B10: 2013 | C10: March | D10: 111.4 | E10: 109.7 | F10: 111.2 | G10: 105.1 | H10: 104.9 | I10: 105.3 | J10: 102.2 | K10: 105 | L10: 104.2 | M10: 103 | N10: 106.2 | O10: 108.9 | P10: 106.9 | Q10: 106.6 | R10: 107.4 | S10: 106.5 | T10: 107.3 | U10: 100.4 | V10: 106.1 | W10: 105.6 | X10: 104.9 | Y10: 105.1 | Z10: 103.7 | AA10: 104 | AB10: 104.3 | AC10: 104.7 | AD10: 105.5 | AE10: =DATE(B10, MATCH(C10,{"January","February","March","April","May","June","July","August","September","October","November","December"}, 0),1) -> 41334
A11: Rural | B11: 2013 | C11: April | D11: 110.2 | E11: 109.5 | F11: 106.9 | G11: 106.3 | H11: 105.7 | I11: 108.3 | J11: 103.4 | K11: 105.7 | L11: 104.2 | M11: 103.2 | N11: 106.5 | O11: 108.8 | P11: 107.1 | Q11: 107.1 | R11: 108.1 | S11: 107.4 | T11: 108 | U11: =U12 -> 100.5 | V11: 106.5 | W11: 106.1 | X11: 105.1 | Y11: 104.4 | Z11: 104.5 | AA11: 104.8 | AB11: 102.7 | AC11: 104.6 | AD11: 106.4 | AE11: =DATE(B11, MATCH(C11,{"January","February","March","April","May","June","July","August","September","October","November","December"}, 0),1) -> 41365
A12: Urban | B12: 2013 | C12: April | D12: 114.6 | E12: 113.4 | F12: 106 | G12: 104.7 | H12: 102.1 | I12: 109.5 | J12: 109.7 | K12: 104.6 | L12: 102 | M12: 103.5 | N12: 108.2 | O12: 110.6 | P12: 108.8 | Q12: 108.5 | R12: 107.9 | S12: 106.4 | T12: 107.7 | U12: 100.5 | V12: 106.4 | W12: 106.5 | X12: 105.7 | Y12: 105 | Z12: 104 | AA12: 105.2 | AB12: 103.2 | AC12: 105.1 | AD12: 105.7 | AE12: =DATE(B12, MATCH(C12,{"January","February","March","April","May","June","July","August","September","October","November","December"}, 0),1) -> 41365
A13: Rural+Urban | B13: 2013 | C13: April | D13: 111.6 | E13: 110.9 | F13: 106.6 | G13: 105.7 | H13: 104.4 | I13: 108.9 | J13: 105.5 | K13: 105.3 | L13: 103.5 | M13: 103.3 | N13: 107.2 | O13: 109.6 | P13: 107.7 | Q13: 107.5 | R13: 108 | S13: 107 | T13: 107.9 | U13: 100.5 | V13: 106.5 | W13: 106.3 | X13: 105.3 | Y13: 104.7 | Z13: 104.2 | AA13: 105 | AB13: 102.9 | AC13: 104.8 | AD13: 106.1 | AE13: =DATE(B13, MATCH(C13,{"January","February","March","April","May","June","July","August","September","October","November","December"}, 0),1) -> 41365
A14: Rural | B14: 2013 | C14: May | D14: 110.9 | E14: 109.8 | F14: 105.9 | G14: 107.5 | H14: 105.3 | I14: 108.1 | J14: 107.3 | K14: 106.1 | L14: 103.7 | M14: 104 | N14: 107.4 | O14: 109.9 | P14: 108.1 | Q14: 108.1 | R14: 108.8 | S14: 107.9 | T14: 108.6 | U14: =U15 -> 100.5 | V14: 107.5 | W14: 106.8 | X14: 105.7 | Y14: 104.1 | Z14: 105 | AA14: 105.5 | AB14: 102.1 | AC14: 104.8 | AD14: 107.2 | AE14: =DATE(B14, MATCH(C14,{"January","February","March","April","May","June","July","August","September","October","November","December"}, 0),1) -> 41395
A15: Urban | B15: 2013 | C15: May | D15: 115.4 | E15: 114.2 | F15: 102.7 | G15: 105.5 | H15: 101.5 | I15: 110.6 | J15: 123.7 | K15: 105.2 | L15: 101.9 | M15: 105 | N15: 109.1 | O15: 111.3 | P15: 111.1 | Q15: 109.8 | R15: 108.5 | S15: 106.7 | T15: 108.3 | U15: 100.5 | V15: 107.2 | W15: 107.1 | X15: 106.2 | Y15: 103.9 | Z15: 104.6 | AA15: 105.7 | AB15: 102.6 | AC15: 104.9 | AD15: 106.6 | AE15: =DATE(B15, MATCH(C15,{"January","February","March","April","May","June","July","August","September","October","November","December"}, 0),1) -> 41395
A16: Rural+Urban | B16: 2013 | C16: May | D16: 112.3 | E16: 111.3 | F16: 104.7 | G16: 106.8 | H16: 103.9 | I16: 109.3 | J16: 112.9 | K16: 105.8 | L16: 103.1 | M16: 104.3 | N16: 108.1 | O16: 110.5 | P16: 109.2 | Q16: 108.6 | R16: 108.7 | S16: 107.4 | T16: 108.5 | U16: 100.5 | V16: 107.4 | W16: 106.9 | X16: 105.9 | Y16: 104 | Z16: 104.8 | AA16: 105.6 | AB16: 102.3 | AC16: 104.8 | AD16: 106.9 | AE16: =DATE(B16, MATCH(C16,{"January","February","March","April","May","June","July","August","September","October","November","December"}, 0),1) -> 41395
A17: Rural | B17: 2013 | C17: June | D17: 112.3 | E17: 112.1 | F17: 108.1 | G17: 108.3 | H17: 105.9 | I17: 109.2 | J17: 118 | K17: 106.8 | L17: 104.1 | M17: 105.4 | N17: 108.2 | O17: 111 | P17: 110.6 | Q17: 109 | R17: 109.7 | S17: 108.8 | T17: 109.5 | U17: =U18 -> 106.6 | V17: 108.5 | W17: 107.5 | X17: 106.3 | Y17: 105 | Z17: 105.6 | AA17: 106.5 | AB17: 102.5 | AC17: 105.5 | AD17: 108.9 | AE17: =DATE(B17, MATCH(C17,{"January","February","March","April","May","June","July","August","September","October","November","December"}, 0),1) -> 41426
A18: Urban | B18: 2013 | C18: June | D18: 117 | E18: 120.1 | F18: 112.5 | G18: 107.3 | H18: 101.3 | I18: 112.4 | J18: 143.6 | K18: 105.4 | L18: 101.4 | M18: 106.4 | N18: 110 | O18: 112.2 | P18: 115 | Q18: 110.9 | R18: 109.2 | S18: 107.2 | T18: 108.9 | U18: 106.6 | V18: 108 | W18: 107.7 | X18: 106.5 | Y18: 105.2 | Z18: 105.2 | AA18: 108.1 | AB18: 103.3 | AC18: 106.1 | AD18: 109.7 | AE18: =DATE(B18, MATCH(C18,{"January","February","March","April","May","June","July","August","September","October","November","December"}, 0),1) -> 41426
A19: Rural+Urban | B19: 2013 | C19: June | D19: 113.8 | E19: 114.9 | F19: 109.8 | G19: 107.9 | H19: 104.2 | I19: 110.7 | J19: 126.7 | K19: 106.3 | L19: 103.2 | M19: 105.7 | N19: 109 | O19: 111.6 | P19: 112.2 | Q19: 109.5 | R19: 109.5 | S19: 108.1 | T19: 109.3 | U19: 106.6 | V19: 108.3 | W19: 107.6 | X19: 106.4 | Y19: 105.1 | Z19: 105.4 | AA19: 107.4 | AB19: 102.8 | AC19: 105.8 | AD19: 109.3 | AE19: =DATE(B19, MATCH(C19,{"January","February","March","April","May","June","July","August","September","October","November","December"}, 0),1) -> 41426
A20: Rural | B20: 2013 | C20: July | D20: 113.4 | E20: 114.9 | F20: 110.5 | G20: 109.3 | H20: 106.2 | I20: 110.3 | J20: 129.2 | K20: 107.1 | L20: 104.3 | M20: 106.4 | N20: 109.1 | O20: 112.1 | P20: 113.1 | Q20: 109.8 | R20: 110.5 | S20: 109.5 | T20: 110.3 | U20: =U21 -> 107.7 | V20: 109.5 | W20: 108.3 | X20: 106.9 | Y20: 106.8 | Z20: 106.4 | AA20: 107.8 | AB20: 102.5 | AC20: 106.5 | AD20: 110.7 | AE20: =DATE(B20, MATCH(C20,{"January","February","March","April","May","June","July","August","September","October","November","December"}, 0),1) -> 41456
A21: Urban | B21: 2013 | C21: July | D21: 117.8 | E21: 119.2 | F21: 114 | G21: 108.3 | H21: 101.1 | I21: 113.2 | J21: 160.9 | K21: 105.1 | L21: 101.3 | M21: 107.5 | N21: 110.4 | O21: 113.1 | P21: 117.5 | Q21: 111.7 | R21: 109.8 | S21: 107.8 | T21: 109.5 | U21: 107.7 | V21: 108.6 | W21: 108.1 | X21: 107.1 | Y21: 107.3 | Z21: 105.9 | AA21: 110.1 | AB21: 103.2 | AC21: 107.3 | AD21: 111.4 | AE21: =DATE(B21, MATCH(C21,{"January","February","March","April","May","June","July","August","September","October","November","December"}, 0),1) -> 41456
A22: Rural+Urban | B22: 2013 | C22: July | D22: 114.8 | E22: 116.4 | F22: 111.9 | G22: 108.9 | H22: 104.3 | I22: 111.7 | J22: 140 | K22: 106.4 | L22: 103.3 | M22: 106.8 | N22: 109.6 | O22: 112.6 | P22: 114.7 | Q22: 110.3 | R22: 110.2 | S22: 108.8 | T22: 110 | U22: 107.7 | V22: 109.2 | W22: 108.2 | X22: 107 | Y22: 107.1 | Z22: 106.1 | AA22: 109.1 | AB22: 102.8 | AC22: 106.9 | AD22: 111 | AE22: =DATE(B22, MATCH(C22,{"January","February","March","April","May","June","July","August","September","October","November","December"}, 0),1) -> 41456
A23: Rural | B23: 2013 | C23: August | D23: 114.3 | E23: 115.4 | F23: 111.1 | G23: 110 | H23: 106.4 | I23: 110.8 | J23: 138.9 | K23: 107.4 | L23: 104.1 | M23: 106.9 | N23: 109.7 | O23: 112.6 | P23: 114.9 | Q23: 110.7 | R23: 111.3 | S23: 110.2 | T23: 111.1 | U23: =U24 -> 108.9 | V23: 109.9 | W23: 108.7 | X23: 107.5 | Y23: 107.8 | Z23: 106.8 | AA23: 108.7 | AB23: 105 | AC23: 107.5 | AD23: 112.1 | AE23: =DATE(B23, MATCH(C23,{"January","February","March","April","May","June","July","August","September","October","November","December"}, 0),1) -> 41487
A24: Urban | B24: 2013 | C24: August | D24: 118.3 | E24: 120.4 | F24: 112.7 | G24: 108.9 | H24: 101.1 | I24: 108.7 | J24: 177 | K24: 104.7 | L24: 101 | M24: 108.5 | N24: 110.9 | O24: 114.3 | P24: 119.6 | Q24: 112.4 | R24: 110.6 | S24: 108.3 | T24: 110.2 | U24: 108.9 | V24: 109.3 | W24: 108.7 | X24: 107.6 | Y24: 108.1 | Z24: 106.5 | AA24: 110.8 | AB24: 106 | AC24: 108.3 | AD24: 112.7 | AE24: =DATE(B24, MATCH(C24,{"January","February","March","April","May","June","July","August","September","October","November","December"}, 0),1) -> 41487
A25: Rural+Urban | B25: 2013 | C25: August | D25: 115.6 | E25: 117.2 | F25: 111.7 | G25: 109.6 | H25: 104.5 | I25: 109.8 | J25: 151.8 | K25: 106.5 | L25: 103.1 | M25: 107.4 | N25: 110.2 | O25: 113.4 | P25: 116.6 | Q25: 111.2 | R25: 111 | S25: 109.4 | T25: 110.7 | U25: 108.9 | V25: 109.7 | W25: 108.7 | X25: 107.5 | Y25: 108 | Z25: 106.6 | AA25: 109.9 | AB25: 105.4 | AC25: 107.9 | AD25: 112.4 | AE25: =DATE(B25, MATCH(C25,{"January","February","March","April","May","June","July","August","September","October","November","December"}, 0),1) -> 41487
A26: Rural | B26: 2013 | C26: September | D26: 115.4 | E26: 115.7 | F26: 111.7 | G26: 111 | H26: 107.4 | I26: 110.9 | J26: 154 | K26: 108.1 | L26: 104.2 | M26: 107.9 | N26: 110.4 | O26: 114 | P26: 117.8 | Q26: 111.7 | R26: 112.7 | S26: 111.4 | T26: 112.5 | U26: =U27 -> 109.7 | V26: 111.1 | W26: 109.6 | X26: 108.3 | Y26: 109.3 | Z26: 107.7 | AA26: 109.8 | AB26: 106.7 | AC26: 108.7 | AD26: 114.2 | AE26: =DATE(B26, MATCH(C26,{"January","February","March","April","May","June","July","August","September","October","November","December"}, 0),1) -> 41518
A27: Urban | B27: 2013 | C27: September | D27: 118.6 | E27: 119.1 | F27: 113.2 | G27: 109.6 | H27: 101.7 | I27: 103.2 | J27: 174.3 | K27: 105.1 | L27: 100.8 | M27: 109.1 | N27: 111.1 | O27: 115.4 | P27: 119.2 | Q27: 112.9 | R27: 111.4 | S27: 109 | T27: 111.1 | U27: 109.7 | V27: 109.5 | W27: 109.6 | X27: 107.9 | Y27: 110.4 | Z27: 107.4 | AA27: 111.2 | AB27: 106.9 | AC27: 109.4 | AD27: 113.2 | AE27: =DATE(B27, MATCH(C27,{"January","February","March","April","May","June","July","August","September","October","November","December"}, 0),1) -> 41518
A28: Rural+Urban | B28: 2013 | C28: September | D28: 116.4 | E28: 116.9 | F28: 112.3 | G28: 110.5 | H28: 105.3 | I28: 107.3 | J28: 160.9 | K28: 107.1 | L28: 103.1 | M28: 108.3 | N28: 110.7 | O28: 114.6 | P28: 118.3 | Q28: 112 | R28: 112.2 | S28: 110.4 | T28: 111.9 | U28: 109.7 | V28: 110.5 | W28: 109.6 | X28: 108.1 | Y28: 109.9 | Z28: 107.5 | AA28: 110.6 | AB28: 106.8 | AC28: 109 | AD28: 113.7 | AE28: =DATE(B28, MATCH(C28,{"January","February","March","April","May","June","July","August","September","October","November","December"}, 0),1) -> 41518
A29: Rural | B29: 2013 | C29: October | D29: 116.3 | E29: 115.4 | F29: 112.6 | G29: 111.7 | H29: 107.7 | I29: 113.2 | J29: 164.9 | K29: 108.3 | L29: 103.9 | M29: 108.2 | N29: 111.1 | O29: 114.9 | P29: 119.8 | Q29: 112.2 | R29: 113.6 | S29: 112.3 | T29: 113.4 | U29: =U30 -> 110.5 | V29: 111.6 | W29: 110.4 | X29: 108.9 | Y29: 109.3 | Z29: 108.3 | AA29: 110.2 | AB29: 107.5 | AC29: 109.1 | AD29: 115.5 | AE29: =DATE(B29, MATCH(C29,{"January","February","March","April","May","June","July","August","September","October","November","December"}, 0),1) -> 41548
A30: Urban | B30: 2013 | C30: October | D30: 118.9 | E30: 118.1 | F30: 114.5 | G30: 110.4 | H30: 102.3 | I30: 106.2 | J30: 183.5 | K30: 105.3 | L30: 100.2 | M30: 109.6 | N30: 111.4 | O30: 116 | P30: 120.8 | Q30: 113.5 | R30: 112.5 | S30: 109.7 | T30: 112 | U30: 110.5 | V30: 109.7 | W30: 110.2 | X30: 108.2 | Y30: 109.7 | Z30: 108 | AA30: 111.3 | AB30: 107.3 | AC30: 109.4 | AD30: 114 | AE30: =DATE(B30, MATCH(C30,{"January","February","March","April","May","June","July","August","September","October","November","December"}, 0),1) -> 41548
A31: Rural+Urban | B31: 2013 | C31: October | D31: 117.1 | E31: 116.3 | F31: 113.3 | G31: 111.2 | H31: 105.7 | I31: 109.9 | J31: 171.2 | K31: 107.3 | L31: 102.7 | M31: 108.7 | N31: 111.2 | O31: 115.4 | P31: 120.2 | Q31: 112.5 | R31: 113.2 | S31: 111.2 | T31: 112.8 | U31: 110.5 | V31: 110.9 | W31: 110.3 | X31: 108.6 | Y31: 109.5 | Z31: 108.1 | AA31: 110.8 | AB31: 107.4 | AC31: 109.2 | AD31: 114.8 | AE31: =DATE(B31, MATCH(C31,{"January","February","March","April","May","June","July","August","September","October","November","December"}, 0),1) -> 41548
A32: Rural | B32: 2013 | C32: November | D32: 117.3 | E32: 114.9 | F32: 116.2 | G32: 112.8 | H32: 108.9 | I32: 116.6 | J32: 178.1 | K32: 109.1 | L32: 103.6 | M32: 109 | N32: 111.8 | O32: 116 | P32: 122.5 | Q32: 112.8 | R32: 114.6 | S32: 113.1 | T32: 114.4 | U32: =U33 -> 111.1 | V32: 112.6 | W32: 111.3 | X32: 109.7 | Y32: 109.6 | Z32: 108.7 | AA32: 111 | AB32: 108.2 | AC32: 109.8 | AD32: 117.4 | AE32: =DATE(B32, MATCH(C32,{"January","February","March","April","May","June","July","August","September","October","November","December"}, 0),1) -> #N/A
A33: Urban | B33: 2013 | C33: November | D33: 119.8 | E33: 116.3 | F33: 122.6 | G33: 112 | H33: 103.2 | I33: 110 | J33: 192.8 | K33: 106.3 | L33: 99.5 | M33: 110.3 | N33: 111.8 | O33: 117.1 | P33: 122.9 | Q33: 114.1 | R33: 113.5 | S33: 110.3 | T33: 113 | U33: 111.1 | V33: 110 | W33: 110.9 | X33: 108.6 | Y33: 109.5 | Z33: 108.5 | AA33: 111.3 | AB33: 107.9 | AC33: 109.6 | AD33: 115 | AE33: =DATE(B33, MATCH(C33,{"January","February","March","April","May","June","July","August","September","October","November","December"}, 0),1) -> 41579
A34: Rural+Urban | B34: 2013 | C34: November | D34: 118.1 | E34: 115.4 | F34: 118.7 | G34: 112.5 | H34: 106.8 | I34: 113.5 | J34: 183.1 | K34: 108.2 | L34: 102.2 | M34: 109.4 | N34: 111.8 | O34: 116.5 | P34: 122.6 | Q34: 113.1 | R34: 114.2 | S34: 111.9 | T34: 113.8 | U34: 111.1 | V34: 111.6 | W34: 111.1 | X34: 109.3 | Y34: 109.5 | Z34: 108.6 | AA34: 111.2 | AB34: 108.1 | AC34: 109.7 | AD34: 116.3 | AE34: =DATE(B34, MATCH(C34,{"January","February","March","April","May","June","July","August","September","October","November","December"}, 0),1) -> 41579
A35: Rural | B35: 2013 | C35: December | D35: 118.4 | E35: 115.9 | F35: 120.4 | G35: 113.8 | H35: 109.5 | I35: 115.5 | J35: 145.7 | K35: 109.5 | L35: 102.9 | M35: 109.8 | N35: 112.1 | O35: 116.8 | P35: 118.7 | Q35: 113.6 | R35: 115.8 | S35: 114 | T35: 115.5 | U35: =U36 -> 110.7 | V35: 112.8 | W35: 112.1 | X35: 110.1 | Y35: 109.9 | Z35: 109.2 | AA35: 111.6 | AB35: 108.1 | AC35: 110.1 | AD35: 115.5 | AE35: =DATE(B35, MATCH(C35,{"January","February","March","April","May","June","July","August","September","October","November","December"}, 0),1) -> 41609
A36: Urban | B36: 2013 | C36: December | D36: 120.5 | E36: 118.1 | F36: 128.5 | G36: 112.8 | H36: 103.4 | I36: 110.7 | J36: 144.8 | K36: 107.1 | L36: 98.6 | M36: 111.9 | N36: 112.1 | O36: 118.1 | P36: 117.8 | Q36: 115 | R36: 114.2 | S36: 110.9 | T36: 113.7 | U36: 110.7 | V36: 110.4 | W36: 111.3 | X36: 109 | Y36: 109.7 | Z36: 108.9 | AA36: 111.4 | AB36: 107.7 | AC36: 109.8 | AD36: 113.3 | AE36: =DATE(B36, MATCH(C36,{"January","February","March","April","May","June","July","August","September","October","November","December"}, 0),1) -> 41609
A37: Rural+Urban | B37: 2013 | C37: December | D37: 119.1 | E37: 116.7 | F37: 123.5 | G37: 113.4 | H37: 107.3 | I37: 113.3 | J37: 145.4 | K37: 108.7 | L37: 101.5 | M37: 110.5 | N37: 112.1 | O37: 117.4 | P37: 118.4 | Q37: 114 | R37: 115.2 | S37: 112.7 | T37: 114.8 | U37: 110.7 | V37: 111.9 | W37: 111.7 | X37: 109.7 | Y37: 109.8 | Z37: 109 | AA37: 111.5 | AB37: 107.9 | AC37: 110 | AD37: 114.5 | AE37: =DATE(B37, MATCH(C37,{"January","February","March","April","May","June","July","August","September","October","November","December"}, 0),1) -> 41609
A38: Rural | B38: 2014 | C38: January | D38: 118.9 | E38: 117.1 | F38: 120.5 | G38: 114.4 | H38: 109 | I38: 115.5 | J38: 123.9 | K38: 109.6 | L38: 101.8 | M38: 110.2 | N38: 112.4 | O38: 117.3 | P38: 116 | Q38: 114 | R38: 116.5 | S38: 114.5 | T38: 116.2 | U38: =U39 -> 111.6 | V38: 113 | W38: 112.6 | X38: 110.6 | Y38: 110.5 | Z38: 109.6 | AA38: 111.8 | AB38: 108.3 | AC38: 110.6 | AD38: 114.2 | AE38: =DATE(B38, MATCH(C38,{"January","February","March","April","May","June","July","August","September","October","November","December"}, 0),1) -> 41640
A39: Urban | B39: 2014 | C39: January | D39: 121.2 | E39: 122 | F39: 129.9 | G39: 113.6 | H39: 102.9 | I39: 112.1 | J39: 118.9 | K39: 107.5 | L39: 96.9 | M39: 112.7 | N39: 112.1 | O39: 119 | P39: 115.5 | Q39: 115.7 | R39: 114.8 | S39: 111.3 | T39: 114.3 | U39: 111.6 | V39: 111 | W39: 111.9 | X39: 109.7 | Y39: 110.8 | Z39: 109.8 | AA39: 111.5 | AB39: 108 | AC39: 110.5 | AD39: 112.9 | AE39: =DATE(B39, MATCH(C39,{"January","February","March","April","May","June","July","August","September","October","November","December"}, 0),1) -> 41640
A40: Rural+Urban | B40: 2014 | C40: January | D40: 119.6 | E40: 118.8 | F40: 124.1 | G40: 114.1 | H40: 106.8 | I40: 113.9 | J40: 122.2 | K40: 108.9 | L40: 100.2 | M40: 111 | N40: 112.3 | O40: 118.1 | P40: 115.8 | Q40: 114.5 | R40: 115.8 | S40: 113.2 | T40: 115.4 | U40: 111.6 | V40: 112.2 | W40: 112.3 | X40: 110.3 | Y40: 110.7 | Z40: 109.7 | AA40: 111.6 | AB40: 108.2 | AC40: 110.6 | AD40: 113.6 | AE40: =DATE(B40, MATCH(C40,{"January","February","March","April","May","June","July","August","September","October","November","December"}, 0),1) -> 41640
A41: Rural | B41: 2014 | C41: February | D41: 119.4 | E41: 117.7 | F41: 121.2 | G41: 115 | H41: 109 | I41: 116.6 | J41: 116 | K41: 109.8 | L41: 101.1 | M41: 110.4 | N41: 112.9 | O41: 117.8 | P41: 115.3 | Q41: 114.2 | R41: 117.1 | S41: 114.5 | T41: 116.7 | U41: =U42 -> 112.5 | V41: 113.2 | W41: 112.9 | X41: 110.9 | Y41: 110.8 | Z41: 109.9 | AA41: 112 | AB41: 108.7 | AC41: 110.9 | AD41: 114 | AE41: =DATE(B41, MATCH(C41,{"January","February","March","April","May","June","July","August","September","October","November","December"}, 0),1) -> 41671
A42: Urban | B42: 2014 | C42: February | D42: 121.9 | E42: 122 | F42: 124.5 | G42: 115.2 | H42: 102.5 | I42: 114.1 | J42: 111.5 | K42: 108.2 | L42: 95.4 | M42: 113.5 | N42: 112.1 | O42: 119.9 | P42: 115.2 | Q42: 116.2 | R42: 115.3 | S42: 111.7 | T42: 114.7 | U42: 112.5 | V42: 111.1 | W42: 112.6 | X42: 110.4 | Y42: 111.3 | Z42: 110.3 | AA42: 111.6 | AB42: 108.7 | AC42: 111 | AD42: 113.1 | AE42: =DATE(B42, MATCH(C42,{"January","February","March","April","May","June","July","August","September","October","November","December"}, 0),1) -> 41671
A43: Rural+Urban | B43: 2014 | C43: February | D43: 120.2 | E43: 119.2 | F43: 122.5 | G43: 115.1 | H43: 106.6 | I43: 115.4 | J43: 114.5 | K43: 109.3 | L43: 99.2 | M43: 111.4 | N43: 112.6 | O43: 118.8 | P43: 115.3 | Q43: 114.7 | R43: 116.4 | S43: 113.3 | T43: 115.9 | U43: 112.5 | V43: 112.4 | W43: 112.8 | X43: 110.7 | Y43: 111.1 | Z43: 110.1 | AA43: 111.8 | AB43: 108.7 | AC43: 110.9 | AD43: 113.6 | AE43: =DATE(B43, MATCH(C43,{"January","February","March","April","May","June","July","August","September","October","November","December"}, 0),1) -> 41671
A44: Rural | B44: 2014 | C44: March | D44: 120.1 | E44: 118.1 | F44: 120.7 | G44: 116.1 | H44: 109.3 | I44: 119.6 | J44: 117.9 | K44: 110.2 | L44: 101.2 | M44: 110.7 | N44: 113 | O44: 118.3 | P44: 116.2 | Q44: 114.6 | R44: 117.5 | S44: 114.9 | T44: 117.2 | U44: =U45 -> 113.2 | V44: 113.4 | W44: 113.4 | X44: 111.4 | Y44: 111.2 | Z44: 110.2 | AA44: 112.4 | AB44: 108.9 | AC44: 111.3 | AD44: 114.6 | AE44: =DATE(B44, MATCH(C44,{"January","February","March","April","May","June","July","August","September","October","November","December"}, 0),1) -> 41699
A45: Urban | B45: 2014 | C45: March | D45: 122.1 | E45: 121.4 | F45: 121.5 | G45: 116.2 | H45: 102.8 | I45: 117.7 | J45: 113.3 | K45: 108.9 | L45: 96.3 | M45: 114.1 | N45: 112.2 | O45: 120.5 | P45: 116 | Q45: 116.7 | R45: 115.8 | S45: 112.1 | T45: 115.2 | U45: 113.2 | V45: 110.9 | W45: 113 | X45: 110.8 | Y45: 111.6 | Z45: 110.9 | AA45: 111.8 | AB45: 109.2 | AC45: 111.4 | AD45: 113.7 | AE45: =DATE(B45, MATCH(C45,{"January","February","March","April","May","June","July","August","September","October","November","December"}, 0),1) -> 41699
A46: Rural+Urban | B46: 2014 | C46: March | D46: 120.7 | E46: 119.3 | F46: 121 | G46: 116.1 | H46: 106.9 | I46: 118.7 | J46: 116.3 | K46: 109.8 | L46: 99.6 | M46: 111.8 | N46: 112.7 | O46: 119.3 | P46: 116.1 | Q46: 115.2 | R46: 116.8 | S46: 113.7 | T46: 116.4 | U46: 113.2 | V46: 112.5 | W46: 113.2 | X46: 111.2 | Y46: 111.4 | Z46: 110.6 | AA46: 112 | AB46: 109 | AC46: 111.3 | AD46: 114.2 | AE46: =DATE(B46, MATCH(C46,{"January","February","March","April","May","June","July","August","September","October","November","December"}, 0),1) -> 41699
A47: Rural | B47: 2014 | C47: April | D47: 120.2 | E47: 118.9 | F47: 118.1 | G47: 117 | H47: 109.7 | I47: 125.5 | J47: 120.5 | K47: 111 | L47: 102.6 | M47: 111.2 | N47: 113.5 | O47: 118.7 | P47: 117.2 | Q47: 115.4 | R47: 118.1 | S47: 116.1 | T47: 117.8 | U47: =U48 -> 113.9 | V47: 113.4 | W47: 113.7 | X47: 111.8 | Y47: 111.2 | Z47: 110.5 | AA47: 113 | AB47: 108.9 | AC47: 111.5 | AD47: 115.4 | AE47: =DATE(B47, MATCH(C47,{"January","February","March","April","May","June","July","August","September","October","November","December"}, 0),1) -> 41730
A48: Urban | B48: 2014 | C48: April | D48: 122.5 | E48: 121.7 | F48: 113.3 | G48: 117 | H48: 103.1 | I48: 126.7 | J48: 121.2 | K48: 111 | L48: 100.3 | M48: 115.3 | N48: 112.7 | O48: 121 | P48: 118.2 | Q48: 117.6 | R48: 116.3 | S48: 112.5 | T48: 115.7 | U48: 113.9 | V48: 110.9 | W48: 113.4 | X48: 111 | Y48: 111.2 | Z48: 111.2 | AA48: 112.5 | AB48: 109.1 | AC48: 111.4 | AD48: 114.7 | AE48: =DATE(B48, MATCH(C48,{"January","February","March","April","May","June","July","August","September","October","November","December"}, 0),1) -> 41730
A49: Rural+Urban | B49: 2014 | C49: April | D49: 120.9 | E49: 119.9 | F49: 116.2 | G49: 117 | H49: 107.3 | I49: 126.1 | J49: 120.7 | K49: 111 | L49: 101.8 | M49: 112.6 | N49: 113.2 | O49: 119.8 | P49: 117.6 | Q49: 116 | R49: 117.4 | S49: 114.6 | T49: 117 | U49: 113.9 | V49: 112.5 | W49: 113.6 | X49: 111.5 | Y49: 111.2 | Z49: 110.9 | AA49: 112.7 | AB49: 109 | AC49: 111.5 | AD49: 115.1 | AE49: =DATE(B49, MATCH(C49,{"January","February","March","April","May","June","July","August","September","October","November","December"}, 0),1) -> 41730
A50: Rural | B50: 2014 | C50: May | D50: 120.3 | E50: 120.2 | F50: 116.9 | G50: 118 | H50: 110.1 | I50: 126.3 | J50: 123.9 | K50: 111.5 | L50: 103.5 | M50: 111.6 | N50: 114.2 | O50: 119.2 | P50: 118.2 | Q50: 116.3 | R50: 118.7 | S50: 116.8 | T50: 118.5 | U50: =U51 -> 114.3 | V50: 113.4 | W50: 114.1 | X50: 112.1 | Y50: 111.4 | Z50: 110.9 | AA50: 113.1 | AB50: 108.9 | AC50: 111.8 | AD50: 116 | AE50: =DATE(B50, MATCH(C50,{"January","February","March","April","May","June","July","August","September","October","November","December"}, 0),1) -> 41760
A51: Urban | B51: 2014 | C51: May | D51: 122.7 | E51: 124.1 | F51: 114.2 | G51: 119.1 | H51: 103.5 | I51: 129.2 | J51: 127 | K51: 112.6 | L51: 101.3 | M51: 117 | N51: 112.9 | O51: 121.7 | P51: 120 | Q51: 118.3 | R51: 116.8 | S51: 112.9 | T51: 116.2 | U51: 114.3 | V51: 111.1 | W51: 114.1 | X51: 111.2 | Y51: 111.3 | Z51: 111.5 | AA51: 112.9 | AB51: 109.3 | AC51: 111.7 | AD51: 115.6 | AE51: =DATE(B51, MATCH(C51,{"January","February","March","April","May","June","July","August","September","October","November","December"}, 0),1) -> 41760
A52: Rural+Urban | B52: 2014 | C52: May | D52: 121.1 | E52: 121.6 | F52: 115.9 | G52: 118.4 | H52: 107.7 | I52: 127.7 | J52: 125 | K52: 111.9 | L52: 102.8 | M52: 113.4 | N52: 113.7 | O52: 120.4 | P52: 118.9 | Q52: 116.8 | R52: 118 | S52: 115.2 | T52: 117.6 | U52: 114.3 | V52: 112.5 | W52: 114.1 | X52: 111.8 | Y52: 111.3 | Z52: 111.2 | AA52: 113 | AB52: 109.1 | AC52: 111.8 | AD52: 115.8 | AE52: =DATE(B52, MATCH(C52,{"January","February","March","April","May","June","July","August","September","October","November","December"}, 0),1) -> 41760
A53: Rural | B53: 2014 | C53: June | D53: 120.7 | E53: 121.6 | F53: 116.1 | G53: 119.3 | H53: 110.3 | I53: 125.8 | J53: 129.3 | K53: 112.2 | L53: 103.6 | M53: 112.3 | N53: 114.9 | O53: 120.1 | P53: 119.5 | Q53: 117.3 | R53: 119.7 | S53: 117.3 | T53: 119.3 | U53: =U54 -> 113.9 | V53: 114.4 | W53: 114.9 | X53: 112.8 | Y53: 112.2 | Z53: 111.4 | AA53: 114.3 | AB53: 108 | AC53: 112.3 | AD53: 117 | AE53: =DATE(B53, MATCH(C53,{"January","February","March","April","May","June","July","August","September","October","November","December"}, 0),1) -> 41791
A54: Urban | B54: 2014 | C54: June | D54: 123.1 | E54: 125.9 | F54: 115.4 | G54: 120.4 | H54: 103.4 | I54: 131.2 | J54: 137.5 | K54: 112.8 | L54: 101.4 | M54: 118.3 | N54: 113.2 | O54: 122.4 | P54: 122 | Q54: 119 | R54: 117.4 | S54: 113.2 | T54: 116.7 | U54: 113.9 | V54: 111.2 | W54: 114.3 | X54: 111.4 | Y54: 111.5 | Z54: 111.8 | AA54: 115.1 | AB54: 108.7 | AC54: 112.2 | AD54: 116.4 | AE54: =DATE(B54, MATCH(C54,{"January","February","March","April","May","June","July","August","September","October","November","December"}, 0),1) -> 41791
A55: Rural+Urban | B55: 2014 | C55: June | D55: 121.5 | E55: 123.1 | F55: 115.8 | G55: 119.7 | H55: 107.8 | I55: 128.3 | J55: 132.1 | K55: 112.4 | L55: 102.9 | M55: 114.3 | N55: 114.2 | O55: 121.2 | P55: 120.4 | Q55: 117.8 | R55: 118.8 | S55: 115.6 | T55: 118.3 | U55: 113.9 | V55: 113.2 | W55: 114.6 | X55: 112.3 | Y55: 111.8 | Z55: 111.6 | AA55: 114.8 | AB55: 108.3 | AC55: 112.3 | AD55: 116.7 | AE55: =DATE(B55, MATCH(C55,{"January","February","March","April","May","June","July","August","September","October","November","December"}, 0),1) -> 41791
A56: Rural | B56: 2014 | C56: July | D56: 121.7 | E56: 122.5 | F56: 117.7 | G56: 120.6 | H56: 110.4 | I56: 129.1 | J56: 150.1 | K56: 113.2 | L56: 104.8 | M56: 113.3 | N56: 115.6 | O56: 120.9 | P56: 123.3 | Q56: 118 | R56: 120.7 | S56: 118.3 | T56: 120.3 | U56: =U57 -> 114.8 | V56: 115.3 | W56: 115.4 | X56: 113.4 | Y56: 113.2 | Z56: 111.8 | AA56: 115.5 | AB56: 108.8 | AC56: 113.1 | AD56: 119.5 | AE56: =DATE(B56, MATCH(C56,{"January","February","March","April","May","June","July","August","September","October","November","December"}, 0),1) -> 41821
A57: Urban | B57: 2014 | C57: July | D57: 123.8 | E57: 126.4 | F57: 118 | G57: 121.6 | H57: 103.5 | I57: 133.7 | J57: 172.4 | K57: 113.1 | L57: 102.7 | M57: 120 | N57: 113.8 | O57: 123.4 | P57: 127.1 | Q57: 121 | R57: 118 | S57: 113.6 | T57: 117.4 | U57: 114.8 | V57: 111.6 | W57: 114.9 | X57: 111.5 | Y57: 113 | Z57: 112.4 | AA57: 117.8 | AB57: 109.7 | AC57: 113.5 | AD57: 118.9 | AE57: =DATE(B57, MATCH(C57,{"January","February","March","April","May","June","July","August","September","October","November","December"}, 0),1) -> 41821
A58: Rural+Urban | B58: 2014 | C58: July | D58: 122.4 | E58: 123.9 | F58: 117.8 | G58: 121 | H58: 107.9 | I58: 131.2 | J58: 157.7 | K58: 113.2 | L58: 104.1 | M58: 115.5 | N58: 114.8 | O58: 122.1 | P58: 124.7 | Q58: 118.8 | R58: 119.6 | S58: 116.3 | T58: 119.1 | U58: 114.8 | V58: 113.9 | W58: 115.2 | X58: 112.7 | Y58: 113.1 | Z58: 112.1 | AA58: 116.8 | AB58: 109.2 | AC58: 113.3 | AD58: 119.2 | AE58: =DATE(B58, MATCH(C58,{"January","February","March","April","May","June","July","August","September","October","November","December"}, 0),1) -> 41821
A59: Rural | B59: 2014 | C59: August | D59: 121.8 | E59: 122.8 | F59: 117.8 | G59: 121.9 | H59: 110.6 | I59: 129.7 | J59: 161.1 | K59: 114.1 | L59: 105.1 | M59: 114.6 | N59: 115.8 | O59: 121.7 | P59: 125.3 | Q59: 118.8 | R59: 120.9 | S59: 118.8 | T59: 120.7 | U59: =U60 -> 115.5 | V59: 115.4 | W59: 115.9 | X59: 114 | Y59: 113.2 | Z59: 112.2 | AA59: 116.2 | AB59: 109.4 | AC59: 113.5 | AD59: 120.7 | AE59: =DATE(B59, MATCH(C59,{"January","February","March","April","May","June","July","August","September","October","November","December"}, 0),1) -> 41852
A60: Urban | B60: 2014 | C60: August | D60: 124.8 | E60: 127.3 | F60: 116.5 | G60: 122.2 | H60: 103.6 | I60: 132.7 | J60: 181.9 | K60: 115.2 | L60: 102.7 | M60: 122.1 | N60: 114.4 | O60: 124.7 | P60: 128.9 | Q60: 123 | R60: 118.6 | S60: 114.1 | T60: 117.9 | U60: 115.5 | V60: 111.8 | W60: 115.3 | X60: 112.2 | Y60: 112.5 | Z60: 112.9 | AA60: 119.2 | AB60: 110.5 | AC60: 113.9 | AD60: 119.9 | AE60: =DATE(B60, MATCH(C60,{"January","February","March","April","May","June","July","August","September","October","November","December"}, 0),1) -> 41852
A61: Rural+Urban | B61: 2014 | C61: August | D61: 122.7 | E61: 124.4 | F61: 117.3 | G61: 122 | H61: 108 | I61: 131.1 | J61: 168.2 | K61: 114.5 | L61: 104.3 | M61: 117.1 | N61: 115.2 | O61: 123.1 | P61: 126.6 | Q61: 119.9 | R61: 120 | S61: 116.8 | T61: 119.6 | U61: 115.5 | V61: 114 | W61: 115.6 | X61: 113.3 | Y61: 112.8 | Z61: 112.6 | AA61: 118 | AB61: 109.9 | AC61: 113.7 | AD61: 120.3 | AE61: =DATE(B61, MATCH(C61,{"January","February","March","April","May","June","July","August","September","October","November","December"}, 0),1) -> 41852
A62: Rural | B62: 2014 | C62: September | D62: 122.3 | E62: 122.4 | F62: 117.8 | G62: 122.7 | H62: 110.4 | I62: 129.8 | J62: 158.8 | K62: 115 | L62: 104.7 | M62: 114.9 | N62: 116.5 | O62: 122.6 | P62: 125.3 | Q62: 119.5 | R62: 121.7 | S62: 119.2 | T62: 121.3 | U62: =U63 -> 116.1 | V62: 115.8 | W62: 116.7 | X62: 114.5 | Y62: 112.8 | Z62: 112.6 | AA62: 116.6 | AB62: 109.1 | AC62: 113.7 | AD62: 120.9 | AE62: =DATE(B62, MATCH(C62,{"January","February","March","April","May","June","July","August","September","October","November","December"}, 0),1) -> 41883
A63: Urban | B63: 2014 | C63: September | D63: 124.2 | E63: 125.4 | F63: 116.4 | G63: 122.7 | H63: 103.5 | I63: 124.5 | J63: 168.6 | K63: 116.9 | L63: 101.9 | M63: 122.9 | N63: 114.8 | O63: 125.2 | P63: 126.7 | Q63: 124.3 | R63: 119.2 | S63: 114.5 | T63: 118.4 | U63: 116.1 | V63: 111.8 | W63: 115.5 | X63: 112.3 | Y63: 111.2 | Z63: 113.4 | AA63: 120 | AB63: 110 | AC63: 113.6 | AD63: 119.2 | AE63: =DATE(B63, MATCH(C63,{"January","February","March","April","May","June","July","August","September","October","November","December"}, 0),1) -> 41883
A64: Rural+Urban | B64: 2014 | C64: September | D64: 122.9 | E64: 123.5 | F64: 117.3 | G64: 122.7 | H64: 107.9 | I64: 127.3 | J64: 162.1 | K64: 115.6 | L64: 103.8 | M64: 117.6 | N64: 115.8 | O64: 123.8 | P64: 125.8 | Q64: 120.8 | R64: 120.7 | S64: 117.2 | T64: 120.1 | U64: 116.1 | V64: 114.3 | W64: 116.1 | X64: 113.7 | Y64: 112 | Z64: 113.1 | AA64: 118.6 | AB64: 109.5 | AC64: 113.7 | AD64: 120.1 | AE64: =DATE(B64, MATCH(C64,{"January","February","March","April","May","June","July","August","September","October","November","December"}, 0),1) -> 41883
A65: Rural | B65: 2014 | C65: October | D65: 122.6 | E65: 122.5 | F65: 118.3 | G65: 123.2 | H65: 110.5 | I65: 128.9 | J65: 155.3 | K65: 115.5 | L65: 104 | M65: 115.3 | N65: 116.8 | O65: 123.2 | P65: 125.1 | Q65: 120 | R65: 122.7 | S65: 120.3 | T65: 122.3 | U65: =U66 -> 116.7 | V65: 116.4 | W65: 117.5 | X65: 115.3 | Y65: 112.6 | Z65: 113 | AA65: 116.9 | AB65: 109.3 | AC65: 114 | AD65: 121 | AE65: =DATE(B65, MATCH(C65,{"January","February","March","April","May","June","July","August","September","October","November","December"}, 0),1) -> 41913
A66: Urban | B66: 2014 | C66: October | D66: 124.6 | E66: 126.1 | F66: 117.8 | G66: 123.1 | H66: 103.5 | I66: 123.5 | J66: 159.6 | K66: 117.4 | L66: 101.2 | M66: 123.8 | N66: 115.2 | O66: 125.9 | P66: 125.8 | Q66: 124.3 | R66: 119.6 | S66: 114.9 | T66: 118.9 | U66: 116.7 | V66: 112 | W66: 115.8 | X66: 112.6 | Y66: 111 | Z66: 113.6 | AA66: 120.2 | AB66: 110.1 | AC66: 113.7 | AD66: 119.1 | AE66: =DATE(B66, MATCH(C66,{"January","February","March","April","May","June","July","August","September","October","November","December"}, 0),1) -> 41913
A67: Rural+Urban | B67: 2014 | C67: October | D67: 123.2 | E67: 123.8 | F67: 118.1 | G67: 123.2 | H67: 107.9 | I67: 126.4 | J67: 156.8 | K67: 116.1 | L67: 103.1 | M67: 118.1 | N67: 116.1 | O67: 124.5 | P67: 125.4 | Q67: 121.1 | R67: 121.5 | S67: 118.1 | T67: 121 | U67: 116.7 | V67: 114.7 | W67: 116.7 | X67: 114.3 | Y67: 111.8 | Z67: 113.3 | AA67: 118.8 | AB67: 109.6 | AC67: 113.9 | AD67: 120.1 | AE67: =DATE(B67, MATCH(C67,{"January","February","March","April","May","June","July","August","September","October","November","December"}, 0),1) -> 41913
A68: Rural | B68: 2014 | C68: November | D68: 122.7 | E68: 122.6 | F68: 119.9 | G68: 124 | H68: 110.5 | I68: 128.8 | J68: 152 | K68: 116.2 | L68: 103.3 | M68: 115.8 | N68: 116.8 | O68: 124.5 | P68: 124.9 | Q68: 120.8 | R68: 123.3 | S68: 120.5 | T68: 122.9 | U68: =U69 -> 117.1 | V68: 117.3 | W68: 118.1 | X68: 115.9 | Y68: 112 | Z68: 113.3 | AA68: 117.2 | AB68: 108.8 | AC68: 114.1 | AD68: 121.1 | AE68: =DATE(B68, MATCH(C68,{"January","February","March","April","May","June","July","August","September","October","November","December"}, 0),1) -> 41944
A69: Urban | B69: 2014 | C69: November | D69: 124.5 | E69: 125.6 | F69: 122.7 | G69: 124.6 | H69: 103.2 | I69: 122.2 | J69: 153.2 | K69: 119.3 | L69: 99.8 | M69: 124.6 | N69: 115.8 | O69: 126.9 | P69: 125.4 | Q69: 125.8 | R69: 120.3 | S69: 115.4 | T69: 119.5 | U69: 117.1 | V69: 112.6 | W69: 116.4 | X69: 113 | Y69: 109.7 | Z69: 114 | AA69: 120.3 | AB69: 109.6 | AC69: 113.4 | AD69: 119 | AE69: =DATE(B69, MATCH(C69,{"January","February","March","April","May","June","July","August","September","October","November","December"}, 0),1) -> 41944
A70: Rural+Urban | B70: 2014 | C70: November | D70: 123.3 | E70: 123.7 | F70: 121 | G70: 124.2 | H70: 107.8 | I70: 125.7 | J70: 152.4 | K70: 117.2 | L70: 102.1 | M70: 118.7 | N70: 116.4 | O70: 125.6 | P70: 125.1 | Q70: 122.1 | R70: 122.1 | S70: 118.4 | T70: 121.6 | U70: 117.1 | V70: 115.5 | W70: 117.3 | X70: 114.8 | Y70: 110.8 | Z70: 113.7 | AA70: 119 | AB70: 109.1 | AC70: 113.8 | AD70: 120.1 | AE70: =DATE(B70, MATCH(C70,{"January","February","March","April","May","June","July","August","September","October","November","December"}, 0),1) -> 41944
A71: Rural | B71: 2014 | C71: December | D71: 122.4 | E71: 122.4 | F71: 121.8 | G71: 124.2 | H71: 110.2 | I71: 128.6 | J71: 140.3 | K71: 116.3 | L71: 102 | M71: 116 | N71: 117.3 | O71: 124.8 | P71: 123.3 | Q71: 121.7 | R71: 123.8 | S71: 120.6 | T71: 123.3 | U71: =U72 -> 116.5 | V71: 117.4 | W71: 118.2 | X71: 116.2 | Y71: 111.5 | Z71: 113.3 | AA71: 117.7 | AB71: 109.4 | AC71: 114.2 | AD71: 120.3 | AE71: =DATE(B71, MATCH(C71,{"January","February","March","April","May","June","July","August","September","October","November","December"}, 0),1) -> 41974
A72: Urban | B72: 2014 | C72: December | D72: 124 | E72: 124.7 | F72: 126.3 | G72: 124.9 | H72: 103 | I72: 122.3 | J72: 141 | K72: 120.1 | L72: 97.8 | M72: 125.4 | N72: 116.1 | O72: 127.6 | P72: 124 | Q72: 126.4 | R72: 120.7 | S72: 115.8 | T72: 120 | U72: 116.5 | V72: 113 | W72: 116.8 | X72: 113.2 | Y72: 108.8 | Z72: 114.3 | AA72: 120.7 | AB72: 110.4 | AC72: 113.4 | AD72: 118.4 | AE72: =DATE(B72, MATCH(C72,{"January","February","March","April","May","June","July","August","September","October","November","December"}, 0),1) -> 41974
A73: Rural+Urban | B73: 2014 | C73: December | D73: 122.9 | E73: 123.2 | F73: 123.5 | G73: 124.5 | H73: 107.6 | I73: 125.7 | J73: 140.5 | K73: 117.6 | L73: 100.6 | M73: 119.1 | N73: 116.8 | O73: 126.1 | P73: 123.6 | Q73: 123 | R73: 122.6 | S73: 118.6 | T73: 122 | U73: 116.5 | V73: 115.7 | W73: 117.5 | X73: 115.1 | Y73: 110.1 | Z73: 113.9 | AA73: 119.5 | AB73: 109.8 | AC73: 113.8 | AD73: 119.4 | AE73: =DATE(B73, MATCH(C73,{"January","February","March","April","May","June","July","August","September","October","November","December"}, 0),1) -> 41974
A74: Rural | B74: 2015 | C74: January | D74: 123.1 | E74: 123.1 | F74: 122.1 | G74: 124.9 | H74: 111 | I74: 130.4 | J74: 132.3 | K74: 117.2 | L74: 100.5 | M74: 117.2 | N74: 117.9 | O74: 125.6 | P74: 122.8 | Q74: 122.7 | R74: 124.4 | S74: 121.6 | T74: 124 | U74: =U75 -> 117.3 | V74: 118.4 | W74: 118.9 | X74: 116.6 | Y74: 111 | Z74: 114 | AA74: 118.2 | AB74: 110.2 | AC74: 114.5 | AD74: 120.3 | AE74: =DATE(B74, MATCH(C74,{"January","February","March","April","May","June","July","August","September","October","November","December"}, 0),1) -> 42005
A75: Urban | B75: 2015 | C75: January | D75: 124 | E75: 125.5 | F75: 126.6 | G75: 125.2 | H75: 104.3 | I75: 121.3 | J75: 134.4 | K75: 122.9 | L75: 96.1 | M75: 126.6 | N75: 116.5 | O75: 128 | P75: 123.5 | Q75: 127.4 | R75: 121 | S75: 116.1 | T75: 120.2 | U75: 117.3 | V75: 113.4 | W75: 117.2 | X75: 113.7 | Y75: 107.9 | Z75: 114.6 | AA75: 120.8 | AB75: 111.4 | AC75: 113.4 | AD75: 118.5 | AE75: =DATE(B75, MATCH(C75,{"January","February","March","April","May","June","July","August","September","October","November","December"}, 0),1) -> 42005
A76: Rural+Urban | B76: 2015 | C76: January | D76: 123.4 | E76: 123.9 | F76: 123.8 | G76: 125 | H76: 108.5 | I76: 126.2 | J76: 133 | K76: 119.1 | L76: 99 | M76: 120.3 | N76: 117.3 | O76: 126.7 | P76: 123.1 | Q76: 124 | R76: 123.1 | S76: 119.3 | T76: 122.5 | U76: 117.3 | V76: 116.5 | W76: 118.1 | X76: 115.5 | Y76: 109.4 | Z76: 114.3 | AA76: 119.7 | AB76: 110.7 | AC76: 114 | AD76: 119.5 | AE76: =DATE(B76, MATCH(C76,{"January","February","March","April","May","June","July","August","September","October","November","December"}, 0),1) -> 42005
A77: Rural | B77: 2015 | C77: February | D77: 123.4 | E77: 124.4 | F77: 122.1 | G77: 125.8 | H77: 111.5 | I77: 129.4 | J77: 128.2 | K77: 118.8 | L77: 100 | M77: 118.6 | N77: 118.8 | O77: 126.8 | P77: 122.8 | Q77: 124.2 | R77: 125.4 | S77: 122.7 | T77: 125 | U77: =U78 -> 118.1 | V77: 120 | W77: 119.6 | X77: 117.7 | Y77: 110.9 | Z77: 114.8 | AA77: 118.7 | AB77: 110.8 | AC77: 115 | AD77: 120.6 | AE77: =DATE(B77, MATCH(C77,{"January","February","March","April","May","June","July","August","September","October","November","December"}, 0),1) -> 42036
A78: Urban | B78: 2015 | C78: February | D78: 124.3 | E78: 126.5 | F78: 119.5 | G78: 125.6 | H78: 104.9 | I78: 121.6 | J78: 131.8 | K78: 125.1 | L78: 95 | M78: 127.7 | N78: 116.8 | O78: 128.6 | P78: 123.7 | Q78: 128.1 | R78: 121.3 | S78: 116.5 | T78: 120.6 | U78: 118.1 | V78: 114 | W78: 117.7 | X78: 114.1 | Y78: 106.8 | Z78: 114.9 | AA78: 120.4 | AB78: 111.7 | AC78: 113.2 | AD78: 118.7 | AE78: =DATE(B78, MATCH(C78,{"January","February","March","April","May","June","July","August","September","October","November","December"}, 0),1) -> 42036
A79: Rural+Urban | B79: 2015 | C79: February | D79: 123.7 | E79: 125.1 | F79: 121.1 | G79: 125.7 | H79: 109.1 | I79: 125.8 | J79: 129.4 | K79: 120.9 | L79: 98.3 | M79: 121.6 | N79: 118 | O79: 127.6 | P79: 123.1 | Q79: 125.2 | R79: 123.8 | S79: 120.1 | T79: 123.3 | U79: 118.1 | V79: 117.7 | W79: 118.7 | X79: 116.3 | Y79: 108.7 | Z79: 114.9 | AA79: 119.7 | AB79: 111.2 | AC79: 114.1 | AD79: 119.7 | AE79: =DATE(B79, MATCH(C79,{"January","February","March","April","May","June","July","August","September","October","November","December"}, 0),1) -> 42036
A80: Rural | B80: 2015 | C80: March | D80: 123.3 | E80: 124.7 | F80: 118.9 | G80: 126 | H80: 111.8 | I80: 130.9 | J80: 128 | K80: 119.9 | L80: 98.9 | M80: 119.4 | N80: 118.9 | O80: 127.7 | P80: 123.1 | Q80: 124.7 | R80: 126 | S80: 122.9 | T80: 125.5 | U80: =U81 -> 118.6 | V80: 120.6 | W80: 120.2 | X80: 118.2 | Y80: 111.6 | Z80: 115.5 | AA80: 119.4 | AB80: 110.8 | AC80: 115.5 | AD80: 121.1 | AE80: =DATE(B80, MATCH(C80,{"January","February","March","April","May","June","July","August","September","October","November","December"}, 0),1) -> 42064
A81: Urban | B81: 2015 | C81: March | D81: 124 | E81: 126.7 | F81: 113.5 | G81: 125.9 | H81: 104.8 | I81: 123.8 | J81: 131.4 | K81: 127.2 | L81: 93.2 | M81: 127.4 | N81: 117 | O81: 129.2 | P81: 123.9 | Q81: 128.8 | R81: 121.7 | S81: 116.9 | T81: 120.9 | U81: 118.6 | V81: 114.4 | W81: 118 | X81: 114.3 | Y81: 108.4 | Z81: 115.4 | AA81: 120.6 | AB81: 111.3 | AC81: 113.8 | AD81: 119.1 | AE81: =DATE(B81, MATCH(C81,{"January","February","March","April","May","June","July","August","September","October","November","December"}, 0),1) -> 42064
A82: Rural+Urban | B82: 2015 | C82: March | D82: 123.5 | E82: 125.4 | F82: 116.8 | G82: 126 | H82: 109.2 | I82: 127.6 | J82: 129.2 | K82: 122.4 | L82: 97 | M82: 122.1 | N82: 118.1 | O82: 128.4 | P82: 123.4 | Q82: 125.8 | R82: 124.3 | S82: 120.4 | T82: 123.7 | U82: 118.6 | V82: 118.3 | W82: 119.2 | X82: 116.7 | Y82: 109.9 | Z82: 115.4 | AA82: 120.1 | AB82: 111 | AC82: 114.7 | AD82: 120.2 | AE82: =DATE(B82, MATCH(C82,{"January","February","March","April","May","June","July","August","September","October","November","December"}, 0),1) -> 42064
A83: Rural | B83: 2015 | C83: April | D83: 123.3 | E83: 125.5 | F83: 117.2 | G83: 126.8 | H83: 111.9 | I83: 134.2 | J83: 127.5 | K83: 121.5 | L83: 97.8 | M83: 119.8 | N83: 119.4 | O83: 128.7 | P83: 123.6 | Q83: 125.7 | R83: 126.4 | S83: 123.3 | T83: 126 | U83: =U84 -> 119.2 | V83: 121.2 | W83: 120.9 | X83: 118.6 | Y83: 111.9 | Z83: 116.2 | AA83: 119.9 | AB83: 111.6 | AC83: 116 | AD83: 121.5 | AE83: =DATE(B83, MATCH(C83,{"January","February","March","April","May","June","July","August","September","October","November","December"}, 0),1) -> 42095
A84: Urban | B84: 2015 | C84: April | D84: 123.8 | E84: 128.2 | F84: 110 | G84: 126.3 | H84: 104.5 | I84: 130.6 | J84: 130.8 | K84: 131.3 | L84: 91.6 | M84: 127.7 | N84: 117.2 | O84: 129.5 | P84: 124.6 | Q84: 130.1 | R84: 122.1 | S84: 117.2 | T84: 121.3 | U84: 119.2 | V84: 114.7 | W84: 118.4 | X84: 114.6 | Y84: 108.4 | Z84: 115.6 | AA84: 121.7 | AB84: 111.8 | AC84: 114.2 | AD84: 119.7 | AE84: =DATE(B84, MATCH(C84,{"January","February","March","April","May","June","July","August","September","October","November","December"}, 0),1) -> 42095
A85: Rural+Urban | B85: 2015 | C85: April | D85: 123.5 | E85: 126.4 | F85: 114.4 | G85: 126.6 | H85: 109.2 | I85: 132.5 | J85: 128.6 | K85: 124.8 | L85: 95.7 | M85: 122.4 | N85: 118.5 | O85: 129.1 | P85: 124 | Q85: 126.9 | R85: 124.7 | S85: 120.8 | T85: 124.1 | U85: 119.2 | V85: 118.7 | W85: 119.7 | X85: 117.1 | Y85: 110.1 | Z85: 115.9 | AA85: 121 | AB85: 111.7 | AC85: 115.1 | AD85: 120.7 | AE85: =DATE(B85, MATCH(C85,{"January","February","March","April","May","June","July","August","September","October","November","December"}, 0),1) -> 42095
A86: Rural | B86: 2015 | C86: May | D86: 123.5 | E86: 127.1 | F86: 117.3 | G86: 127.7 | H86: 112.5 | I86: 134.1 | J86: 128.5 | K86: 124.3 | L86: 97.6 | M86: 120.7 | N86: 120.2 | O86: 129.8 | P86: 124.4 | Q86: 126.7 | R86: 127.3 | S86: 124.1 | T86: 126.8 | U86: =U87 -> 119.6 | V86: 121.9 | W86: 121.5 | X86: 119.4 | Y86: 113.3 | Z86: 116.7 | AA86: 120.5 | AB86: 112.3 | AC86: 116.9 | AD86: 122.4 | AE86: =DATE(B86, MATCH(C86,{"January","February","March","April","May","June","July","August","September","October","November","December"}, 0),1) -> 42125
A87: Urban | B87: 2015 | C87: May | D87: 123.8 | E87: 129.7 | F87: 111.3 | G87: 126.6 | H87: 105.2 | I87: 130.8 | J87: 135.6 | K87: 142.6 | L87: 90.8 | M87: 128.8 | N87: 117.7 | O87: 129.9 | P87: 126.1 | Q87: 131.3 | R87: 122.4 | S87: 117.4 | T87: 121.6 | U87: 119.6 | V87: 114.9 | W87: 118.7 | X87: 114.9 | Y87: 110.8 | Z87: 116 | AA87: 122 | AB87: 112.4 | AC87: 115.2 | AD87: 120.7 | AE87: =DATE(B87, MATCH(C87,{"January","February","March","April","May","June","July","August","September","October","November","December"}, 0),1) -> 42125
A88: Rural+Urban | B88: 2015 | C88: May | D88: 123.6 | E88: 128 | F88: 115 | G88: 127.3 | H88: 109.8 | I88: 132.6 | J88: 130.9 | K88: 130.5 | L88: 95.3 | M88: 123.4 | N88: 119.2 | O88: 129.8 | P88: 125 | Q88: 127.9 | R88: 125.4 | S88: 121.3 | T88: 124.7 | U88: 119.6 | V88: 119.2 | W88: 120.2 | X88: 117.7 | Y88: 112 | Z88: 116.3 | AA88: 121.4 | AB88: 112.3 | AC88: 116.1 | AD88: 121.6 | AE88: =DATE(B88, MATCH(C88,{"January","February","March","April","May","June","July","August","September","October","November","December"}, 0),1) -> 42125
A89: Rural | B89: 2015 | C89: June | D89: 124.1 | E89: 130.4 | F89: 122.1 | G89: 128.7 | H89: 114.1 | I89: 133.2 | J89: 135.2 | K89: 131.9 | L89: 96.3 | M89: 123 | N89: 121.1 | O89: 131.2 | P89: 126.6 | Q89: 128.2 | R89: 128.4 | S89: 125.1 | T89: 128 | U89: =U90 -> 119 | V89: 122.6 | W89: 122.8 | X89: 120.4 | Y89: 114.2 | Z89: 117.9 | AA89: 122 | AB89: 113 | AC89: 117.9 | AD89: 124.1 | AE89: =DATE(B89, MATCH(C89,{"January","February","March","April","May","June","July","August","September","October","November","December"}, 0),1) -> 42156
A90: Urban | B90: 2015 | C90: June | D90: 123.6 | E90: 134.4 | F90: 120.9 | G90: 127.3 | H90: 106 | I90: 132.3 | J90: 146.7 | K90: 148.1 | L90: 89.8 | M90: 130.5 | N90: 118 | O90: 130.5 | P90: 128.5 | Q90: 132.1 | R90: 123.2 | S90: 117.6 | T90: 122.3 | U90: 119 | V90: 115.1 | W90: 119.2 | X90: 115.4 | Y90: 111.7 | Z90: 116.2 | AA90: 123.8 | AB90: 112.5 | AC90: 116 | AD90: 121.7 | AE90: =DATE(B90, MATCH(C90,{"January","February","March","April","May","June","July","August","September","October","November","December"}, 0),1) -> 42156
A91: Rural+Urban | B91: 2015 | C91: June | D91: 123.9 | E91: 131.8 | F91: 121.6 | G91: 128.2 | H91: 111.1 | I91: 132.8 | J91: 139.1 | K91: 137.4 | L91: 94.1 | M91: 125.5 | N91: 119.8 | O91: 130.9 | P91: 127.3 | Q91: 129.2 | R91: 126.4 | S91: 122 | T91: 125.7 | U91: 119 | V91: 119.8 | W91: 121.1 | X91: 118.5 | Y91: 112.9 | Z91: 116.9 | AA91: 123.1 | AB91: 112.8 | AC91: 117 | AD91: 123 | AE91: =DATE(B91, MATCH(C91,{"January","February","March","April","May","June","July","August","September","October","November","December"}, 0),1) -> 42156
A92: Rural | B92: 2015 | C92: July | D92: 124 | E92: 131.5 | F92: 122 | G92: 128.7 | H92: 113.5 | I92: 133.3 | J92: 140.8 | K92: 133.8 | L92: 94.1 | M92: 123.4 | N92: 121 | O92: 131.7 | P92: 127.5 | Q92: 129.4 | R92: 128.8 | S92: 125.5 | T92: 128.3 | U92: =U93 -> 119.9 | V92: 123 | W92: 123 | X92: 120.8 | Y92: 114.1 | Z92: 118 | AA92: 122.9 | AB92: 112.7 | AC92: 118.1 | AD92: 124.7 | AE92: =DATE(B92, MATCH(C92,{"January","February","March","April","May","June","July","August","September","October","November","December"}, 0),1) -> 42186
A93: Urban | B93: 2015 | C93: July | D93: 123.2 | E93: 134.3 | F93: 119.5 | G93: 127.7 | H93: 106.3 | I93: 132.8 | J93: 153.5 | K93: 149.5 | L93: 85.7 | M93: 131.5 | N93: 118.3 | O93: 131.1 | P93: 129.5 | Q93: 133.1 | R93: 123.5 | S93: 117.9 | T93: 122.7 | U93: 119.9 | V93: 115.3 | W93: 119.5 | X93: 116 | Y93: 111.5 | Z93: 116.6 | AA93: 125.4 | AB93: 111.7 | AC93: 116.3 | AD93: 122.4 | AE93: =DATE(B93, MATCH(C93,{"January","February","March","April","May","June","July","August","September","October","November","December"}, 0),1) -> 42186
A94: Rural+Urban | B94: 2015 | C94: July | D94: 123.7 | E94: 132.5 | F94: 121 | G94: 128.3 | H94: 110.9 | I94: 133.1 | J94: 145.1 | K94: 139.1 | L94: 91.3 | M94: 126.1 | N94: 119.9 | O94: 131.4 | P94: 128.2 | Q94: 130.4 | R94: 126.7 | S94: 122.3 | T94: 126.1 | U94: 119.9 | V94: 120.1 | W94: 121.3 | X94: 119 | Y94: 112.7 | Z94: 117.2 | AA94: 124.4 | AB94: 112.3 | AC94: 117.2 | AD94: 123.6 | AE94: =DATE(B94, MATCH(C94,{"January","February","March","April","May","June","July","August","September","October","November","December"}, 0),1) -> 42186
A95: Rural | B95: 2015 | C95: August | D95: 124.7 | E95: 131.3 | F95: 121.3 | G95: 128.8 | H95: 114 | I95: 134.2 | J95: 153.6 | K95: 137.9 | L95: 93.1 | M95: 123.9 | N95: 121.5 | O95: 132.5 | P95: 129.8 | Q95: 130.1 | R95: 129.5 | S95: 126.3 | T95: 129 | U95: =U96 -> 120.9 | V95: 123.8 | W95: 123.7 | X95: 121.1 | Y95: 113.6 | Z95: 118.5 | AA95: 123.6 | AB95: 112.5 | AC95: 118.2 | AD95: 126.1 | AE95: =DATE(B95, MATCH(C95,{"January","February","March","April","May","June","July","August","September","October","November","December"}, 0),1) -> 42217
A96: Urban | B96: 2015 | C96: August | D96: 123.1 | E96: 131.7 | F96: 118.1 | G96: 128 | H96: 106.8 | I96: 130.1 | J96: 165.5 | K96: 156 | L96: 85.3 | M96: 132.7 | N96: 118.8 | O96: 131.7 | P96: 131.1 | Q96: 134.2 | R96: 123.7 | S96: 118.2 | T96: 122.9 | U96: 120.9 | V96: 115.3 | W96: 120 | X96: 116.6 | Y96: 109.9 | Z96: 117.2 | AA96: 126.2 | AB96: 112 | AC96: 116.2 | AD96: 123.2 | AE96: =DATE(B96, MATCH(C96,{"January","February","March","April","May","June","July","August","September","October","November","December"}, 0),1) -> 42217
A97: Rural+Urban | B97: 2015 | C97: August | D97: 124.2 | E97: 131.4 | F97: 120.1 | G97: 128.5 | H97: 111.4 | I97: 132.3 | J97: 157.6 | K97: 144 | L97: 90.5 | M97: 126.8 | N97: 120.4 | O97: 132.1 | P97: 130.3 | Q97: 131.2 | R97: 127.2 | S97: 122.9 | T97: 126.6 | U97: 120.9 | V97: 120.6 | W97: 122 | X97: 119.4 | Y97: 111.7 | Z97: 117.8 | AA97: 125.1 | AB97: 112.3 | AC97: 117.2 | AD97: 124.8 | AE97: =DATE(B97, MATCH(C97,{"January","February","March","April","May","June","July","August","September","October","November","December"}, 0),1) -> 42217
A98: Rural | B98: 2015 | C98: September | D98: 125.1 | E98: 131.1 | F98: 120.7 | G98: 129.2 | H98: 114.7 | I98: 132.3 | J98: 158.9 | K98: 142.1 | L98: 92.5 | M98: 125.4 | N98: 121.9 | O98: 132.7 | P98: 131 | Q98: 131 | R98: 130.4 | S98: 126.8 | T98: 129.9 | U98: =U99 -> 121.6 | V98: 123.7 | W98: 124.5 | X98: 121.4 | Y98: 113.8 | Z98: 119.6 | AA98: 124.5 | AB98: 113.7 | AC98: 118.8 | AD98: 127 | AE98: =DATE(B98, MATCH(C98,{"January","February","March","April","May","June","July","August","September","October","November","December"}, 0),1) -> 42248
A99: Urban | B99: 2015 | C99: September | D99: 123.4 | E99: 129 | F99: 115.6 | G99: 128.3 | H99: 107 | I99: 124 | J99: 168.5 | K99: 165.4 | L99: 86.3 | M99: 134.4 | N99: 119.1 | O99: 132.3 | P99: 131.5 | Q99: 134.7 | R99: 124 | S99: 118.6 | T99: 123.2 | U99: 121.6 | V99: 115.1 | W99: 120.4 | X99: 117.1 | Y99: 109.1 | Z99: 117.3 | AA99: 126.5 | AB99: 112.9 | AC99: 116.2 | AD99: 123.5 | AE99: =DATE(B99, MATCH(C99,{"January","February","March","April","May","June","July","August","September","October","November","December"}, 0),1) -> 42248
A100: Rural+Urban | B100: 2015 | C100: September | D100: 124.6 | E100: 130.4 | F100: 118.7 | G100: 128.9 | H100: 111.9 | I100: 128.4 | J100: 162.2 | K100: 150 | L100: 90.4 | M100: 128.4 | N100: 120.7 | O100: 132.5 | P100: 131.2 | Q100: 132 | R100: 127.9 | S100: 123.4 | T100: 127.2 | U100: 121.6 | V100: 120.4 | W100: 122.6 | X100: 119.8 | Y100: 111.3 | Z100: 118.3 | AA100: 125.7 | AB100: 113.4 | AC100: 117.5 | AD100: 125.4 | AE100: =DATE(B100, MATCH(C100,{"January","February","March","April","May","June","July","August","September","October","November","December"}, 0),1) -> 42248
...

Sheet Sheet1
A1: Sector | B1: Rural | C1: Urban | D1: Rural+Urban | E1: Rural | F1: Urban | G1: Rural+Urban | H1: Rural | I1: Urban | J1: Rural+Urban | K1: Rural | L1: Urban | M1: Rural+Urban | N1: Rural | O1: Urban | P1: Rural+Urban | Q1: Rural | R1: Urban | S1: Rural+Urban | T1: Rural | U1: Urban | V1: Rural+Urban | W1: Rural | X1: Urban | Y1: Rural+Urban | Z1: Rural | AA1: Urban | AB1: Rural+Urban | AC1: Rural | AD1: Urban | AE1: Rural+Urban | AF1: Rural | AG1: Urban | AH1: Rural+Urban | AI1: Rural | AJ1: Urban | AK1: Rural+Urban | AL1: Rural | AM1: Urban | AN1: Rural+Urban | AO1: Rural | AP1: Urban | AQ1: Rural+Urban | AR1: Rural | AS1: Urban | AT1: Rural+Urban | AU1: Rural | AV1: Urban | AW1: Rural+Urban | AX1: Rural | AY1: Urban | AZ1: Rural+Urban | BA1: Rural | BB1: Urban | BC1: Rural+Urban | BD1: Rural | BE1: Urban | BF1: Rural+Urban | BG1: Rural | BH1: Urban | BI1: Rural+Urban | BJ1: Rural | BK1: Urban | BL1: Rural+Urban | BM1: Rural | BN1: Urban | BO1: Rural+Urban | BP1: Rural | BQ1: Urban | BR1: Rural+Urban | BS1: Rural | BT1: Urban | BU1: Rural+Urban | BV1: Rural | BW1: Urban | BX1: Rural+Urban | BY1: Rural | BZ1: Urban | CA1: Rural+Urban | CB1: Rural | CC1: Urban | CD1: Rural+Urban | CE1: Rural | CF1: Urban | CG1: Rural+Urban | CH1: Rural | CI1: Urban | CJ1: Rural+Urban | CK1: Rural | CL1: Urban | CM1: Rural+Urban | CN1: Rural | CO1: Urban | CP1: Rural+Urban | CQ1: Rural | CR1: Urban | CS1: Rural+Urban | CT1: Rural | CU1: Urban | CV1: Rural+Urban | CW1: Rural | CX1: Urban | CY1: Rural+Urban | CZ1: Rural | DA1: Urban | DB1: Rural+Urban | DC1: Rural | DD1: Urban | DE1: Rural+Urban | DF1: Rural | DG1: Urban | DH1: Rural+Urban | DI1: Rural | DJ1: Urban | DK1: Rural+Urban | DL1: Rural | DM1: Urban | DN1: Rural+Urban | DO1: Rural | DP1: Urban | DQ1: Rural+Urban | DR1: Rural | DS1: Urban | DT1: Rural+Urban | DU1: Rural | DV1: Urban | DW1: Rural+Urban | DX1: Rural | DY1: Urban | DZ1: Rural+Urban | EA1: Rural | EB1: Urban | EC1: Rural+Urban | ED1: Rural | EE1: Urban | EF1: Rural+Urban | EG1: Rural | EH1: Urban | EI1: Rural+Urban | EJ1: Rural | EK1: Urban | EL1: Rural+Urban | EM1: Rural | EN1: Urban | EO1: Rural+Urban | EP1: Rural | EQ1: Urban | ER1: Rural+Urban | ES1: Rural | ET1: Urban | EU1: Rural+Urban | EV1: Rural | EW1: Urban | EX1: Rural+Urban | EY1: Rural | EZ1: Urban | FA1: Rural+Urban | FB1: Rural | FC1: Urban | FD1: Rural+Urban | FE1: Rural | FF1: Urban | FG1: Rural+Urban | FH1: Rural | FI1: Urban | FJ1: Rural+Urban | FK1: Rural | FL1: Urban | FM1: Rural+Urban | FN1: Rural | FO1: Urban | FP1: Rural+Urban | FQ1: Rural | FR1: Urban | FS1: Rural+Urban | FT1: Rural | FU1: Urban | FV1: Rural+Urban | FW1: Rural | FX1: Urban | FY1: Rural+Urban | FZ1: Rural | GA1: Urban | GB1: Rural+Urban | GC1: Rural | GD1: Urban | GE1: Rural+Urban | GF1: Rural | GG1: Urban | GH1: Rural+Urban | GI1: Rural | GJ1: Urban | GK1: Rural+Urban | GL1: Rural | GM1: Urban | GN1: Rural+Urban | GO1: Rural | GP1: Urban | GQ1: Rural+Urban | GR1: Rural | GS1: Urban | GT1: Rural+Urban | GU1: Rural | GV1: Urban | GW1: Rural+Urban | GX1: Rural | GY1: Urban | GZ1: Rural+Urban | HA1: Rural | HB1: Urban | HC1: Rural+Urban | HD1: Rural | HE1: Urban | HF1: Rural+Urban | HG1: Rural | HH1: Urban | HI1: Rural+Urban | HJ1: Rural | HK1: Urban | HL1: Rural+Urban | HM1: Rural | HN1: Urban | HO1: Rural+Urban | HP1: Rural | HQ1: Urban | HR1: Rural+Urban | HS1: Rural | HT1: Urban | HU1: Rural+Urban | HV1: Rural | HW1: Urban | HX1: Rural+Urban | HY1: Rural | HZ1: Urban | IA1: Rural+Urban | IB1: Rural | IC1: Urban | ID1: Rural+Urban | IE1: Rural | IF1: Urban | IG1: Rural+Urban | IH1: Rural | II1: Urban | IJ1: Rural+Urban | IK1: Rural | IL1: Urban | IM1: Rural+Urban | IN1: Rural | IO1: Urban | IP1: Rural+Urban | IQ1: Rural | IR1: Urban | IS1: Rural+Urban | IT1: Rural | IU1: Urban | IV1: Rural+Urban | IW1: Rural | IX1: Urban | IY1: Rural+Urban | IZ1: Rural | JA1: Urban | JB1: Rural+Urban | JC1: Rural | JD1: Urban | JE1: Rural+Urban | JF1: Rural | JG1: Urban | JH1: Rural+Urban | JI1: Rural | JJ1: Urban | JK1: Rural+Urban | JL1: Rural | JM1: Urban | JN1: Rural+Urban | JO1: Rural | JP1: Urban | JQ1: Rural+Urban | JR1: Rural | JS1: Urban | JT1: Rural+Urban | JU1: Rural | JV1: Urban | JW1: Rural+Urban | JX1: Rural | JY1: Urban | JZ1: Rural+Urban | KA1: Rural | KB1: Urban | KC1: Rural+Urban | KD1: Rural | KE1: Urban | KF1: Rural+Urban | KG1: Rural | KH1: Urban | KI1: Rural+Urban | KJ1: Rural | KK1: Urban | KL1: Rural+Urban | KM1: Rural | KN1: Urban | KO1: Rural+Urban | KP1: Rural | KQ1: Urban | KR1: Rural+Urban | KS1: Rural | KT1: Urban | KU1: Rural+Urban | KV1: Rural | KW1: Urban | KX1: Rural+Urban | KY1: Rural | KZ1: Urban | LA1: Rural+Urban | LB1: Rural | LC1: Urban | LD1: Rural+Urban | LE1: Rural | LF1: Urban | LG1: Rural+Urban | LH1: Rural | LI1: Urban | LJ1: Rural+Urban | LK1: Rural | LL1: Urban | LM1: Rural+Urban | LN1: Rural | LO1: Urban | LP1: Rural+Urban | LQ1: Rural | LR1: Urban | LS1: Rural+Urban | LT1: Rural | LU1: Urban | LV1: Rural+Urban | LW1: Rural | LX1: Urban | LY1: Rural+Urban | LZ1: Rural | MA1: Urban | MB1: Rural+Urban | MC1: Rural | MD1: Urban | ME1: Rural+Urban | MF1: Rural | MG1: Urban | MH1: Rural+Urban | MI1: Rural | MJ1: Urban | MK1: Rural+Urban | ML1: Rural | MM1: Urban | MN1: Rural+Urban | MO1: Rural | MP1: Urban | MQ1: Rural+Urban | MR1: Rural | MS1: Urban | MT1: Rural+Urban | MU1: Rural | MV1: Urban | MW1: Rural+Urban | MX1: Rural | MY1: Urban | MZ1: Rural+Urban | NA1: Rural | NB1: Urban | NC1: Rural+Urban | ND1: Rural | NE1: Urban | NF1: Rural+Urban | NG1: Rural | NH1: Urban | NI1: Rural+Urban
A2: Year | B2: 2013 | C2: 2013 | D2: 2013 | E2: 2013 | F2: 2013 | G2: 2013 | H2: 2013 | I2: 2013 | J2: 2013 | K2: 2013 | L2: 2013 | M2: 2013 | N2: 2013 | O2: 2013 | P2: 2013 | Q2: 2013 | R2: 2013 | S2: 2013 | T2: 2013 | U2: 2013 | V2: 2013 | W2: 2013 | X2: 2013 | Y2: 2013 | Z2: 2013 | AA2: 2013 | AB2: 2013 | AC2: 2013 | AD2: 2013 | AE2: 2013 | AF2: 2013 | AG2: 2013 | AH2: 2013 | AI2: 2013 | AJ2: 2013 | AK2: 2013 | AL2: 2014 | AM2: 2014 | AN2: 2014 | AO2: 2014 | AP2: 2014 | AQ2: 2014 | AR2: 2014 | AS2: 2014 | AT2: 2014 | AU2: 2014 | AV2: 2014 | AW2: 2014 | AX2: 2014 | AY2: 2014 | AZ2: 2014 | BA2: 2014 | BB2: 2014 | BC2: 2014 | BD2: 2014 | BE2: 2014 | BF2: 2014 | BG2: 2014 | BH2: 2014 | BI2: 2014 | BJ2: 2014 | BK2: 2014 | BL2: 2014 | BM2: 2014 | BN2: 2014 | BO2: 2014 | BP2: 2014 | BQ2: 2014 | BR2: 2014 | BS2: 2014 | BT2: 2014 | BU2: 2014 | BV2: 2015 | BW2: 2015 | BX2: 2015 | BY2: 2015 | BZ2: 2015 | CA2: 2015 | CB2: 2015 | CC2: 2015 | CD2: 2015 | CE2: 2015 | CF2: 2015 | CG2: 2015 | CH2: 2015 | CI2: 2015 | CJ2: 2015 | CK2: 2015 | CL2: 2015 | CM2: 2015 | CN2: 2015 | CO2: 2015 | CP2: 2015 | CQ2: 2015 | CR2: 2015 | CS2: 2015 | CT2: 2015 | CU2: 2015 | CV2: 2015 | CW2: 2015 | CX2: 2015 | CY2: 2015 | CZ2: 2015 | DA2: 2015 | DB2: 2015 | DC2: 2015 | DD2: 2015 | DE2: 2015 | DF2: 2016 | DG2: 2016 | DH2: 2016 | DI2: 2016 | DJ2: 2016 | DK2: 2016 | DL2: 2016 | DM2: 2016 | DN2: 2016 | DO2: 2016 | DP2: 2016 | DQ2: 2016 | DR2: 2016 | DS2: 2016 | DT2: 2016 | DU2: 2016 | DV2: 2016 | DW2: 2016 | DX2: 2016 | DY2: 2016 | DZ2: 2016 | EA2: 2016 | EB2: 2016 | EC2: 2016 | ED2: 2016 | EE2: 2016 | EF2: 2016 | EG2: 2016 | EH2: 2016 | EI2: 2016 | EJ2: 2016 | EK2: 2016 | EL2: 2016 | EM2: 2016 | EN2: 2016 | EO2: 2016 | EP2: 2017 | EQ2: 2017 | ER2: 2017 | ES2: 2017 | ET2: 2017 | EU2: 2017 | EV2: 2017 | EW2: 2017 | EX2: 2017 | EY2: 2017 | EZ2: 2017 | FA2: 2017 | FB2: 2017 | FC2: 2017 | FD2: 2017 | FE2: 2017 | FF2: 2017 | FG2: 2017 | FH2: 2017 | FI2: 2017 | FJ2: 2017 | FK2: 2017 | FL2: 2017 | FM2: 2017 | FN2: 2017 | FO2: 2017 | FP2: 2017 | FQ2: 2017 | FR2: 2017 | FS2: 2017 | FT2: 2017 | FU2: 2017 | FV2: 2017 | FW2: 2017 | FX2: 2017 | FY2: 2017 | FZ2: 2018 | GA2: 2018 | GB2: 2018 | GC2: 2018 | GD2: 2018 | GE2: 2018 | GF2: 2018 | GG2: 2018 | GH2: 2018 | GI2: 2018 | GJ2: 2018 | GK2: 2018 | GL2: 2018 | GM2: 2018 | GN2: 2018 | GO2: 2018 | GP2: 2018 | GQ2: 2018 | GR2: 2018 | GS2: 2018 | GT2: 2018 | GU2: 2018 | GV2: 2018 | GW2: 2018 | GX2: 2018 | GY2: 2018 | GZ2: 2018 | HA2: 2018 | HB2: 2018 | HC2: 2018 | HD2: 2018 | HE2: 2018 | HF2: 2018 | HG2: 2018 | HH2: 2018 | HI2: 2018 | HJ2: 2019 | HK2: 2019 | HL2: 2019 | HM2: 2019 | HN2: 2019 | HO2: 2019 | HP2: 2019 | HQ2: 2019 | HR2: 2019 | HS2: 2019 | HT2: 2019 | HU2: 2019 | HV2: 2019 | HW2: 2019 | HX2: 2019 | HY2: 2019 | HZ2: 2019 | IA2: 2019 | IB2: 2019 | IC2: 2019 | ID2: 2019 | IE2: 2019 | IF2: 2019 | IG2: 2019 | IH2: 2019 | II2: 2019 | IJ2: 2019 | IK2: 2019 | IL2: 2019 | IM2: 2019 | IN2: 2019 | IO2: 2019 | IP2: 2019 | IQ2: 2020 | IR2: 2020 | IS2: 2020 | IT2: 2020 | IU2: 2020 | IV2: 2020 | IW2: 2020 | IX2: 2020 | IY2: 2020 | IZ2: 2020 | JA2: 2020 | JB2: 2020 | JC2: 2020 | JD2: 2020 | JE2: 2020 | JF2: 2020 | JG2: 2020 | JH2: 2020 | JI2: 2020 | JJ2: 2020 | JK2: 2020 | JL2: 2020 | JM2: 2020 | JN2: 2020 | JO2: 2020 | JP2: 2020 | JQ2: 2020 | JR2: 2020 | JS2: 2020 | JT2: 2020 | JU2: 2020 | JV2: 2020 | JW2: 2020 | JX2: 2020 | JY2: 2020 | JZ2: 2020 | KA2: 2021 | KB2: 2021 | KC2: 2021 | KD2: 2021 | KE2: 2021 | KF2: 2021 | KG2: 2021 | KH2: 2021 | KI2: 2021 | KJ2: 2021 | KK2: 2021 | KL2: 2021 | KM2: 2021 | KN2: 2021 | KO2: 2021 | KP2: 2021 | KQ2: 2021 | KR2: 2021 | KS2: 2021 | KT2: 2021 | KU2: 2021 | KV2: 2021 | KW2: 2021 | KX2: 2021 | KY2: 2021 | KZ2: 2021 | LA2: 2021 | LB2: 2021 | LC2: 2021 | LD2: 2021 | LE2: 2021 | LF2: 2021 | LG2: 2021 | LH2: 2021 | LI2: 2021 | LJ2: 2021 | LK2: 2022 | LL2: 2022 | LM2: 2022 | LN2: 2022 | LO2: 2022 | LP2: 2022 | LQ2: 2022 | LR2: 2022 | LS2: 2022 | LT2: 2022 | LU2: 2022 | LV2: 2022 | LW2: 2022 | LX2: 2022 | LY2: 2022 | LZ2: 2022 | MA2: 2022 | MB2: 2022 | MC2: 2022 | MD2: 2022 | ME2: 2022 | MF2: 2022 | MG2: 2022 | MH2: 2022 | MI2: 2022 | MJ2: 2022 | MK2: 2022 | ML2: 2022 | MM2: 2022 | MN2: 2022 | MO2: 2022 | MP2: 2022 | MQ2: 2022 | MR2: 2022 | MS2: 2022 | MT2: 2022 | MU2: 2023 | MV2: 2023 | MW2: 2023 | MX2: 2023 | MY2: 2023 | MZ2: 2023 | NA2: 2023 | NB2: 2023 | NC2: 2023 | ND2: 2023 | NE2: 2023 | NF2: 2023 | NG2: 2023 | NH2: 2023 | NI2: 2023
A3: Month | B3: January | C3: January | D3: January | E3: February | F3: February | G3: February | H3: March | I3: March | J3: March | K3: April | L3: April | M3: April | N3: May | O3: May | P3: May | Q3: June | R3: June | S3: June | T3: July | U3: July | V3: July | W3: August | X3: August | Y3: August | Z3: September | AA3: September | AB3: September | AC3: October | AD3: October | AE3: October | AF3: November | AG3: November | AH3: November | AI3: December | AJ3: December | AK3: December | AL3: January | AM3: January | AN3: January | AO3: February | AP3: February | AQ3: February | AR3: March | AS3: March | AT3: March | AU3: April | AV3: April | AW3: April | AX3: May | AY3: May | AZ3: May | BA3: June | BB3: June | BC3: June | BD3: July | BE3: July | BF3: July | BG3: August | BH3: August | BI3: August | BJ3: September | BK3: September | BL3: September | BM3: October | BN3: October | BO3: October | BP3: November | BQ3: November | BR3: November | BS3: December | BT3: December | BU3: December | BV3: January | BW3: January | BX3: January | BY3: February | BZ3: February | CA3: February | CB3: March | CC3: March | CD3: March | CE3: April | CF3: April | CG3: April | CH3: May | CI3: May | CJ3: May | CK3: June | CL3: June | CM3: June | CN3: July | CO3: July | CP3: July | CQ3: August | CR3: August | CS3: August | CT3: September | CU3: September | CV3: September | CW3: October | CX3: October | CY3: October | CZ3: November | DA3: November | DB3: November | DC3: December | DD3: December | DE3: December | DF3: January | DG3: January | DH3: January | DI3: February | DJ3: February | DK3: February | DL3: March | DM3: March | DN3: March | DO3: April | DP3: April | DQ3: April | DR3: May | DS3: May | DT3: May | DU3: June | DV3: June | DW3: June | DX3: July | DY3: July | DZ3: July | EA3: August | EB3: August | EC3: August | ED3: September | EE3: September | EF3: September | EG3: October | EH3: October | EI3: October | EJ3: November | EK3: November | EL3: November | EM3: December | EN3: December | EO3: December | EP3: January | EQ3: January | ER3: January | ES3: February | ET3: February | EU3: February | EV3: March | EW3: March | EX3: March | EY3: April | EZ3: April | FA3: April | FB3: May | FC3: May | FD3: May | FE3: June | FF3: June | FG3: June | FH3: July | FI3: July | FJ3: July | FK3: August | FL3: August | FM3: August | FN3: September | FO3: September | FP3: September | FQ3: October | FR3: October | FS3: October | FT3: November | FU3: November | FV3: November | FW3: December | FX3: December | FY3: December | FZ3: January | GA3: January | GB3: January | GC3: February | GD3: February | GE3: February | GF3: March | GG3: March | GH3: March | GI3: April | GJ3: April | GK3: April | GL3: May | GM3: May | GN3: May | GO3: June | GP3: June | GQ3: June | GR3: July | GS3: July | GT3: July | GU3: August | GV3: August | GW3: August | GX3: September | GY3: September | GZ3: September | HA3: October | HB3: October | HC3: October | HD3: November | HE3: November | HF3: November | HG3: December | HH3: December | HI3: December | HJ3: January | HK3: January | HL3: January | HM3: February | HN3: February | HO3: February | HP3: March | HQ3: March | HR3: March | HS3: May | HT3: May | HU3: May | HV3: June | HW3: June | HX3: June | HY3: July | HZ3: July | IA3: July | IB3: August | IC3: August | ID3: August | IE3: September | IF3: September | IG3: September | IH3: October | II3: October | IJ3: October | IK3: November | IL3: November | IM3: November | IN3: December | IO3: December | IP3: December | IQ3: January | IR3: January | IS3: January | IT3: February | IU3: February | IV3: February | IW3: March | IX3: March | IY3: March | IZ3: April | JA3: April | JB3: April | JC3: May | JD3: May | JE3: May | JF3: June | JG3: June | JH3: June | JI3: July | JJ3: July | JK3: July | JL3: August | JM3: August | JN3: August | JO3: September | JP3: September | JQ3: September | JR3: October | JS3: October | JT3: October | JU3: November | JV3: November | JW3: November | JX3: December | JY3: December | JZ3: December | KA3: January | KB3: January | KC3: January | KD3: February | KE3: February | KF3: February | KG3: March | KH3: March | KI3: March | KJ3: April | KK3: April | KL3: April | KM3: May | KN3: May | KO3: May | KP3: June | KQ3: June | KR3: June | KS3: July | KT3: July | KU3: July | KV3: August | KW3: August | KX3: August | KY3: September | KZ3: September | LA3: September | LB3: October | LC3: October | LD3: October | LE3: November | LF3: November | LG3: November | LH3: December | LI3: December | LJ3: December | LK3: January | LL3: January | LM3: January | LN3: February | LO3: February | LP3: February | LQ3: March | LR3: March | LS3: March | LT3: April | LU3: April | LV3: April | LW3: May | LX3: May | LY3: May | LZ3: June | MA3: June | MB3: June | MC3: July | MD3: July | ME3: July | MF3: August | MG3: August | MH3: August | MI3: September | MJ3: September | MK3: September | ML3: October | MM3: October | MN3: October | MO3: November | MP3: November | MQ3: November | MR3: December | MS3: December | MT3: December | MU3: January | MV3: January | MW3: January | MX3: February | MY3: February | MZ3: February | NA3: March | NB3: March | NC3: March | ND3: April | NE3: April | NF3: April | NG3: May | NH3: May | NI3: May
A4: Cereals and products | B4: 107.5 | C4: 110.5 | D4: 108.4 | E4: 109.2 | F4: 112.9 | G4: 110.4 | H4: 110.2 | I4: 113.9 | J4: 111.4 | K4: 110.2 | L4: 114.6 | M4: 111.6 | N4: 110.9 | O4: 115.4 | P4: 112.3 | Q4: 112.3 | R4: 117 | S4: 113.8 | T4: 113.4 | U4: 117.8 | V4: 114.8 | W4: 114.3 | X4: 118.3 | Y4: 115.6 | Z4: 115.4 | AA4: 118.6 | AB4: 116.4 | AC4: 116.3 | AD4: 118.9 | AE4: 117.1 | AF4: 117.3 | AG4: 119.8 | AH4: 118.1 | AI4: 118.4 | AJ4: 120.5 | AK4: 119.1 | AL4: 118.9 | AM4: 121.2 | AN4: 119.6 | AO4: 119.4 | AP4: 121.9 | AQ4: 120.2 | AR4: 120.1 | AS4: 122.1 | AT4: 120.7 | AU4: 120.2 | AV4: 122.5 | AW4: 120.9 | AX4: 120.3 | AY4: 122.7 | AZ4: 121.1 | BA4: 120.7 | BB4: 123.1 | BC4: 121.5 | BD4: 121.7 | BE4: 123.8 | BF4: 122.4 | BG4: 121.8 | BH4: 124.8 | BI4: 122.7 | BJ4: 122.3 | BK4: 124.2 | BL4: 122.9 | BM4: 122.6 | BN4: 124.6 | BO4: 123.2 | BP4: 122.7 | BQ4: 124.5 | BR4: 123.3 | BS4: 122.4 | BT4: 124 | BU4: 122.9 | BV4: 123.1 | BW4: 124 | BX4: 123.4 | BY4: 123.4 | BZ4: 124.3 | CA4: 123.7 | CB4: 123.3 | CC4: 124 | CD4: 123.5 | CE4: 123.3 | CF4: 123.8 | CG4: 123.5 | CH4: 123.5 | CI4: 123.8 | CJ4: 123.6 | CK4: 124.1 | CL4: 123.6 | CM4: 123.9 | CN4: 124 | CO4: 123.2 | CP4: 123.7 | CQ4: 124.7 | CR4: 123.1 | CS4: 124.2 | CT4: 125.1 | CU4: 123.4 | CV4: 124.6 | CW4: 125.6 | CX4: 123.6 | CY4: 125 | CZ4: 126.1 | DA4: 124 | DB4: 125.4 | DC4: 126.3 | DD4: 124.3 | DE4: 125.7 | DF4: 126.8 | DG4: 124.7 | DH4: 126.1 | DI4: 127.1 | DJ4: 124.8 | DK4: 126.4 | DL4: 127.3 | DM4: 124.8 | DN4: 126.5 | DO4: 127.4 | DP4: 124.9 | DQ4: 126.6 | DR4: 127.6 | DS4: 125 | DT4: 126.8 | DU4: 128.6 | DV4: 125.9 | DW4: 127.7 | DX4: 129.3 | DY4: 126.8 | DZ4: 128.5 | EA4: 130.1 | EB4: 127.6 | EC4: 129.3 | ED4: 130.8 | EE4: 128.1 | EF4: 129.9 | EG4: 131.3 | EH4: 128.7 | EI4: 130.5 | EJ4: 132 | EK4: 130.2 | EL4: 131.4 | EM4: 132.6 | EN4: 131.6 | EO4: 132.3 | EP4: 133.1 | EQ4: 132.2 | ER4: 132.8 | ES4: 133.3 | ET4: 132.8 | EU4: 133.1 | EV4: 133.6 | EW4: 132.7 | EX4: 133.3 | EY4: 133.2 | EZ4: 132.7 | FA4: 133 | FB4: 133.1 | FC4: 132.6 | FD4: 132.9 | FE4: 133.5 | FF4: 132.9 | FG4: 133.3 | FH4: 134 | FI4: 132.8 | FJ4: 133.6 | FK4: 134.8 | FL4: 133.2 | FM4: 134.3 | FN4: 135.2 | FO4: 133.6 | FP4: 134.7 | FQ4: 135.9 | FR4: 133.9 | FS4: 135.3 | FT4: 136.3 | FU4: 134.3 | FV4: 135.7 | FW4: 136.4 | FX4: 134.4 | FY4: 135.8 | FZ4: 136.6 | GA4: 134.6 | GB4: 136 | GC4: 136.4 | GD4: 134.8 | GE4: 135.9 | GF4: 136.8 | GG4: 135 | GH4: 136.2 | GI4: 137.1 | GJ4: 135 | GK4: 136.4 | GL4: 137.4 | GM4: 135 | GN4: 136.6 | GO4: 137.6 | GP4: 135.3 | GQ4: 136.9 | GR4: 138.4 | GS4: 135.6 | GT4: 137.5 | GU4: 139.2 | GV4: 136.5 | GW4: 138.3 | GX4: 139.4 | GY4: 137 | GZ4: 138.6 | HA4: 139.3 | HB4: 137.6 | HC4: 137.4 | HD4: 137.1 | HE4: 138.1 | HF4: 137.4 | HG4: 137.1 | HH4: 138.5 | HI4: 137.5 | HJ4: 136.6 | HK4: 138.3 | HL4: 137.1 | HM4: 136.8 | HN4: 139.4 | HO4: 137.6 | HP4: 136.9 | HQ4: 139.7 | HR4: 137.8 | HS4: 137.4 | HT4: 140.4 | HU4: 138.3 | HV4: 137.8 | HW4: 140.7 | HX4: 138.7 | HY4: 138.4 | HZ4: 141.4 | IA4: 139.3 | IB4: 139.2 | IC4: 142.1 | ID4: 140.1 | IE4: 140.1 | IF4: 142.7 | IG4: 140.9 | IH4: 141 | II4: 143.5 | IJ4: 141.8 | IK4: 141.8 | IL4: 144.1 | IM4: 142.5 | IN4: 142.8 | IO4: 144.9 | IP4: 143.5 | IQ4: 143.7 | IR4: 145.6 | IS4: 144.3 | IT4: 144.2 | IU4: 146.2 | IV4: 144.8 | IW4: 144.4 | IX4: 146.5 | IY4: 145.1 | IZ4: 147.2 | JA4: 151.8 | JB4: 148.7 | JF4: 148.2 | JG4: 152.7 | JH4: 149.6 | JI4: 148.2 | JJ4: 152.7 | JK4: 149.6 | JL4: 147.6 | JM4: 151.6 | JN4: 148.9 | JO4: 146.9 | JP4: 151.5 | JQ4: 148.4 | JR4: 146 | JS4: 150.6 | JT4: 147.5 | JU4: 145.4 | JV4: 149.7 | JW4: 146.8 | JX4: 144.6 | JY4: 149 | JZ4: 146 | KA4: 143.4 | KB4: 148 | KC4: 144.9 | KD4: 142.8 | KE4: 147.6 | KF4: 144.3 | KG4: 142.5 | KH4: 147.5 | KI4: 144.1 | KJ4: 142.7 | KK4: 147.6 | KL4: 144.3 | KM4: 145.1 | KN4: 148.8 | KO4: 146.3 | KP4: 145.6 | KQ4: 149.2 | KR4: 146.7 | KS4: 145.1 | KT4: 149.1 | KU4: 146.4 | KV4: 144.9 | KW4: 149.3 | KX4: 146.6 | KY4: 145.4 | KZ4: 149.3 | LA4: 146.6 | LB4: 146.1 | LC4: 150.1 | LD4: 147.4 | LE4: 146.9 | LF4: 151 | LG4: 148.2 | LH4: 147.4 | LI4: 151.6 | LJ4: 148.7 | LK4: 148.3 | LL4: 152.2 | LM4: 149.5 | LN4: 148.8 | LO4: 152.5 | LP4: 150 | LQ4: 150.2 | LR4: 153.7 | LS4: 151.3 | LT4: 151.8 | LU4: 155.4 | LV4: 152.9 | LW4: 152.9 | LX4: 156.7 | LY4: 154.1 | LZ4: 153.8 | MA4: 157.5 | MB4: 155 | MC4: 155.2 | MD4: 159.3 | ME4: 156.5 | MF4: 159.5 | MG4: 162.1 | MH4: 160.3 | MI4: 162.9 | MJ4: 164.9 | MK4: 163.5 | ML4: 164.7 | MM4: 166.4 | MN4: 165.2 | MO4: 166.9 | MP4: 168.4 | MQ4: 167.4 | MR4: 168.8 | MS4: 170.2 | MT4: 169.2 | MU4: 174 | MV4: 173.3 | MW4: 173.8 | MX4: 174.2 | MY4: 174.7 | MZ4: 174.4 | NA4: 174.3 | NB4: 174.7 | NC4: 174.4 | ND4: 173.3 | NE4: 174.8 | NF4: 173.8 | NG4: 173.2 | NH4: 174.7 | NI4: 173.7
A5: Meat and fish | B5: 106.3 | C5: 109.1 | D5: 107.3 | E5: 108.7 | F5: 112.9 | G5: 110.2 | H5: 108.8 | I5: 111.4 | J5: 109.7 | K5: 109.5 | L5: 113.4 | M5: 110.9 | N5: 109.8 | O5: 114.2 | P5: 111.3 | Q5: 112.1 | R5: 120.1 | S5: 114.9 | T5: 114.9 | U5: 119.2 | V5: 116.4 | W5: 115.4 | X5: 120.4 | Y5: 117.2 | Z5: 115.7 | AA5: 119.1 | AB5: 116.9 | AC5: 115.4 | AD5: 118.1 | AE5: 116.3 | AF5: 114.9 | AG5: 116.3 | AH5: 115.4 | AI5: 115.9 | AJ5: 118.1 | AK5: 116.7 | AL5: 117.1 | AM5: 122 | AN5: 118.8 | AO5: 117.7 | AP5: 122 | AQ5: 119.2 | AR5: 118.1 | AS5: 121.4 | AT5: 119.3 | AU5: 118.9 | AV5: 121.7 | AW5: 119.9 | AX5: 120.2 | AY5: 124.1 | AZ5: 121.6 | BA5: 121.6 | BB5: 125.9 | BC5: 123.1 | BD5: 122.5 | BE5: 126.4 | BF5: 123.9 | BG5: 122.8 | BH5: 127.3 | BI5: 124.4 | BJ5: 122.4 | BK5: 125.4 | BL5: 123.5 | BM5: 122.5 | BN5: 126.1 | BO5: 123.8 | BP5: 122.6 | BQ5: 125.6 | BR5: 123.7 | BS5: 122.4 | BT5: 124.7 | BU5: 123.2 | BV5: 123.1 | BW5: 125.5 | BX5: 123.9 | BY5: 124.4 | BZ5: 126.5 | CA5: 125.1 | CB5: 124.7 | CC5: 126.7 | CD5: 125.4 | CE5: 125.5 | CF5: 128.2 | CG5: 126.4 | CH5: 127.1 | CI5: 129.7 | CJ5: 128 | CK5: 130.4 | CL5: 134.4 | CM5: 131.8 | CN5: 131.5 | CO5: 134.3 | CP5: 132.5 | CQ5: 131.3 | CR5: 131.7 | CS5: 131.4 | CT5: 131.1 | CU5: 129 | CV5: 130.4 | CW5: 130.4 | CX5: 128.6 | CY5: 129.8 | CZ5: 130.6 | DA5: 129.8 | DB5: 130.3 | DC5: 131.3 | DD5: 131.7 | DE5: 131.4 | DF5: 133.2 | DG5: 135.9 | DH5: 134.1 | DI5: 133.7 | DJ5: 135.1 | DK5: 134.2 | DL5: 134.4 | DM5: 136.3 | DN5: 135.1 | DO5: 135.4 | DP5: 139.3 | DQ5: 136.8 | DR5: 137.5 | DS5: 142.1 | DT5: 139.1 | DU5: 138.6 | DV5: 143.9 | DW5: 140.5 | DX5: 139.5 | DY5: 144.2 | DZ5: 141.2 | EA5: 138.8 | EB5: 140.3 | EC5: 139.3 | ED5: 138.2 | EE5: 137.7 | EF5: 138 | EG5: 137.6 | EH5: 138.4 | EI5: 137.9 | EJ5: 137.4 | EK5: 138.5 | EL5: 137.8 | EM5: 137.3 | EN5: 138.2 | EO5: 137.6 | EP5: 137.8 | EQ5: 138.9 | ER5: 138.2 | ES5: 138.3 | ET5: 139.8 | EU5: 138.8 | EV5: 138.8 | EW5: 139.4 | EX5: 139 | EY5: 138.7 | EZ5: 140.6 | FA5: 139.4 | FB5: 140.3 | FC5: 144.1 | FD5: 141.6 | FE5: 143.7 | FF5: 148.7 | FG5: 145.5 | FH5: 144.2 | FI5: 148.4 | FJ5: 145.7 | FK5: 143.1 | FL5: 143.9 | FM5: 143.4 | FN5: 142 | FO5: 143 | FP5: 142.4 | FQ5: 141.9 | FR5: 142.8 | FS5: 142.2 | FT5: 142.5 | FU5: 142.1 | FV5: 142.4 | FW5: 143.7 | FX5: 142.6 | FY5: 143.3 | FZ5: 144.4 | GA5: 143.7 | GB5: 144.2 | GC5: 143.7 | GD5: 143 | GE5: 143.5 | GF5: 143.8 | GG5: 143.1 | GH5: 143.6 | GI5: 144.5 | GJ5: 144.3 | GK5: 144.4 | GL5: 145.7 | GM5: 148.2 | GN5: 146.6 | GO5: 148.1 | GP5: 149.7 | GQ5: 148.7 | GR5: 149.3 | GS5: 148.6 | GT5: 149.1 | GU5: 148.8 | GV5: 146.4 | GW5: 148 | GX5: 147.2 | GY5: 143.1 | GZ5: 145.8 | HA5: 147.6 | HB5: 144.9 | HC5: 149.5 | HD5: 150.8 | HE5: 146.3 | HF5: 149.2 | HG5: 151.9 | HH5: 147.8 | HI5: 150.5 | HJ5: 152.5 | HK5: 149.4 | HL5: 151.4 | HM5: 153 | HN5: 150.1 | HO5: 152 | HP5: 154.1 | HQ5: 151.1 | HR5: 153 | HS5: 159.5 | HT5: 156.7 | HU5: 158.5 | HV5: 163.5 | HW5: 159.6 | HX5: 162.1 | HY5: 164 | HZ5: 160.2 | IA5: 162.7 | IB5: 161.9 | IC5: 158.3 | ID5: 160.6 | IE5: 161.9 | IF5: 158.7 | IG5: 160.8 | IH5: 161.6 | II5: 159.8 | IJ5: 161 | IK5: 163.7 | IL5: 162.4 | IM5: 163.2 | IN5: 165.3 | IO5: 164.5 | IP5: 165 | IQ5: 167.3 | IR5: 167.6 | IS5: 167.4 | IT5: 167.5 | IU5: 167.6 | IV5: 167.5 | IW5: 166.8 | IX5: 167.5 | IY5: 167 | JF5: 190.3 | JG5: 197 | JH5: 192.7 | JI5: 190.3 | JJ5: 197 | JK5: 192.7 | JL5: 187.2 | JM5: 197.8 | JN5: 190.9 | JO5: 183.9 | JP5: 193.1 | JQ5: 187.1 | JR5: 186.3 | JS5: 193.7 | JT5: 188.9 | JU5: 188.6 | JV5: 195.5 | JW5: 191 | JX5: 188.5 | JY5: 195.7 | JZ5: 191 | KA5: 187.5 | KB5: 194.8 | KC5: 190.1 | KD5: 184 | KE5: 191.2 | KF5: 186.5 | KG5: 189.4 | KH5: 197.5 | KI5: 192.2 | KJ5: 195.5 | KK5: 202.5 | KL5: 198 | KM5: 198.5 | KN5: 204.3 | KO5: 200.5 | KP5: 200.1 | KQ5: 205.5 | KR5: 202 | KS5: 204.5 | KT5: 210.9 | KU5: 206.8 | KV5: 202.3 | KW5: 207.4 | KX5: 204 | KY5: 202.1 | KZ5: 207.4 | LA5: 204 | LB5: 202.5 | LC5: 208.4 | LD5: 204.6 | LE5: 199.8 | LF5: 204.9 | LG5: 201.6 | LH5: 197 | LI5: 202.2 | LJ5: 198.8 | LK5: 196.9 | LL5: 202.1 | LM5: 198.7 | LN5: 198.1 | LO5: 205.2 | LP5: 200.6 | LQ5: 208 | LR5: 215.8 | LS5: 210.7 | LT5: 209.7 | LU5: 215.8 | LV5: 211.8 | LW5: 214.7 | LX5: 221.2 | LY5: 217 | LZ5: 217.2 | MA5: 223.4 | MB5: 219.4 | MC5: 210.8 | MD5: 217.1 | ME5: 213 | MF5: 204.1 | MG5: 210.9 | MH5: 206.5 | MI5: 206.7 | MJ5: 213.7 | MK5: 209.2 | ML5: 208.8 | MM5: 214.9 | MN5: 210.9 | MO5: 207.2 | MP5: 213.4 | MQ5: 209.4 | MR5: 206.9 | MS5: 212.9 | MT5: 209 | MU5: 208.3 | MV5: 215.2 | MW5: 210.7 | MX5: 205.2 | MY5: 212.2 | MZ5: 207.7 | NA5: 205.2 | NB5: 212.2 | NC5: 207.7 | ND5: 206.9 | NE5: 213.7 | NF5: 209.3 | NG5: 211.5 | NH5: 219.4 | NI5: 214.3
A6: Egg | B6: 108.1 | C6: 113 | D6: 110 | E6: 110.2 | F6: 116.9 | G6: 112.8 | H6: 109.9 | I6: 113.2 | J6: 111.2 | K6: 106.9 | L6: 106 | M6: 106.6 | N6: 105.9 | O6: 102.7 | P6: 104.7 | Q6: 108.1 | R6: 112.5 | S6: 109.8 | T6: 110.5 | U6: 114 | V6: 111.9 | W6: 111.1 | X6: 112.7 | Y6: 111.7 | Z6: 111.7 | AA6: 113.2 | AB6: 112.3 | AC6: 112.6 | AD6: 114.5 | AE6: 113.3 | AF6: 116.2 | AG6: 122.6 | AH6: 118.7 | AI6: 120.4 | AJ6: 128.5 | AK6: 123.5 | AL6: 120.5 | AM6: 129.9 | AN6: 124.1 | AO6: 121.2 | AP6: 124.5 | AQ6: 122.5 | AR6: 120.7 | AS6: 121.5 | AT6: 121 | AU6: 118.1 | AV6: 113.3 | AW6: 116.2 | AX6: 116.9 | AY6: 114.2 | AZ6: 115.9 | BA6: 116.1 | BB6: 115.4 | BC6: 115.8 | BD6: 117.7 | BE6: 118 | BF6: 117.8 | BG6: 117.8 | BH6: 116.5 | BI6: 117.3 | BJ6: 117.8 | BK6: 116.4 | BL6: 117.3 | BM6: 118.3 | BN6: 117.8 | BO6: 118.1 | BP6: 119.9 | BQ6: 122.7 | BR6: 121 | BS6: 121.8 | BT6: 126.3 | BU6: 123.5 | BV6: 122.1 | BW6: 126.6 | BX6: 123.8 | BY6: 122.1 | BZ6: 119.5 | CA6: 121.1 | CB6: 118.9 | CC6: 113.5 | CD6: 116.8 | CE6: 117.2 | CF6: 110 | CG6: 114.4 | CH6: 117.3 | CI6: 111.3 | CJ6: 115 | CK6: 122.1 | CL6: 120.9 | CM6: 121.6 | CN6: 122 | CO6: 119.5 | CP6: 121 | CQ6: 121.3 | CR6: 118.1 | CS6: 120.1 | CT6: 120.7 | CU6: 115.6 | CV6: 118.7 | CW6: 120.8 | CX6: 115.9 | CY6: 118.9 | CZ6: 121.7 | DA6: 121.5 | DB6: 121.6 | DC6: 123.3 | DD6: 127.1 | DE6: 124.8 | DF6: 126.5 | DG6: 132 | DH6: 128.6 | DI6: 127.7 | DJ6: 130.3 | DK6: 128.7 | DL6: 125.1 | DM6: 123.7 | DN6: 124.6 | DO6: 123.4 | DP6: 119.9 | DQ6: 122 | DR6: 124.4 | DS6: 127 | DT6: 125.4 | DU6: 126.6 | DV6: 130.9 | DW6: 128.3 | DX6: 129.6 | DY6: 136.6 | DZ6: 132.3 | EA6: 130.3 | EB6: 133.7 | EC6: 131.6 | ED6: 130.5 | EE6: 130.6 | EF6: 130.5 | EG6: 130.1 | EH6: 130.3 | EI6: 130.2 | EJ6: 130.6 | EK6: 134.1 | EL6: 132 | EM6: 131.6 | EN6: 134.9 | EO6: 132.9 | EP6: 131.9 | EQ6: 132.6 | ER6: 132.2 | ES6: 129.3 | ET6: 129.3 | EU6: 129.3 | EV6: 128.8 | EW6: 128.4 | EX6: 128.6 | EY6: 127.1 | EZ6: 124.5 | FA6: 126.1 | FB6: 126.8 | FC6: 125.6 | FD6: 126.3 | FE6: 128 | FF6: 128.3 | FG6: 128.1 | FH6: 129.8 | FI6: 129.4 | FJ6: 129.6 | FK6: 130 | FL6: 128.3 | FM6: 129.3 | FN6: 130.5 | FO6: 129.7 | FP6: 130.2 | FQ6: 131 | FR6: 131.4 | FS6: 131.2 | FT6: 140.5 | FU6: 146.7 | FV6: 142.9 | FW6: 144.8 | FX6: 145.9 | FY6: 145.2 | FZ6: 143.8 | GA6: 143.6 | GB6: 143.7 | GC6: 140.6 | GD6: 139.9 | GE6: 140.3 | GF6: 140 | GG6: 135.5 | GH6: 138.3 | GI6: 135.9 | GJ6: 130.8 | GK6: 133.9 | GL6: 135.5 | GM6: 130.5 | GN6: 133.6 | GO6: 136.7 | GP6: 133.9 | GQ6: 135.6 | GR6: 139.3 | GS6: 139.1 | GT6: 139.2 | GU6: 139.1 | GV6: 136.6 | GW6: 138.1 | GX6: 136.6 | GY6: 132.8 | GZ6: 135.1 | HA6: 134.6 | HB6: 133.5 | HC6: 137.3 | HD6: 136.7 | HE6: 137.8 | HF6: 137.1 | HG6: 137.4 | HH6: 141.1 | HI6: 138.8 | HJ6: 138.2 | HK6: 143.5 | HL6: 140.2 | HM6: 139.1 | HN6: 145.3 | HO6: 141.5 | HP6: 138.7 | HQ6: 142.9 | HR6: 140.3 | HS6: 134.5 | HT6: 138.3 | HU6: 136 | HV6: 136.2 | HW6: 140.4 | HX6: 137.8 | HY6: 138.4 | HZ6: 142.5 | IA6: 140 | IB6: 137.1 | IC6: 140.8 | ID6: 138.5 | IE6: 138.3 | IF6: 141.6 | IG6: 139.6 | IH6: 141.2 | II6: 144.7 | IJ6: 142.6 | IK6: 143.8 | IL6: 148.4 | IM6: 145.6 | IN6: 149.5 | IO6: 153.7 | IP6: 151.1 | IQ6: 153.5 | IR6: 157 | IS6: 154.9 | IT6: 150.9 | IU6: 153.1 | IV6: 151.8 | IW6: 147.6 | IX6: 148.9 | IY6: 148.1 | IZ6: 146.9 | JA6: 151.9 | JB6: 148.8 | JF6: 149.4 | JG6: 154.6 | JH6: 151.4 | JI6: 149.4 | JJ6: 154.6 | JK6: 151.4 | JL6: 148.4 | JM6: 154.5 | JN6: 150.8 | JO6: 149.5 | JP6: 157.3 | JQ6: 152.5 | JR6: 159.2 | JS6: 164.8 | JT6: 161.4 | JU6: 171.6 | JV6: 176.9 | JW6: 173.6 | JX6: 173.4 | JY6: 178.3 | JZ6: 175.3 | KA6: 173.4 | KB6: 178.4 | KC6: 175.3 | KD6: 168 | KE6: 169.9 | KF6: 168.7 | KG6: 163.2 | KH6: 164.7 | KI6: 163.8 | KJ6: 163.4 | KK6: 166.4 | KL6: 164.6 | KM6: 168.6 | KN6: 173 | KO6: 170.3 | KP6: 179.3 | KQ6: 182.8 | KR6: 180.7 | KS6: 180.4 | KT6: 185 | KU6: 182.2 | KV6: 176.5 | KW6: 174.1 | KX6: 172.8 | KY6: 172 | KZ6: 174.1 | LA6: 172.8 | LB6: 170.1 | LC6: 173 | LD6: 171.2 | LE6: 171.5 | LF6: 175.4 | LG6: 173 | LH6: 176.5 | LI6: 180 | LJ6: 177.9 | LK6: 178 | LL6: 180.1 | LM6: 178.8 | LN6: 175.5 | LO6: 176.4 | LP6: 175.8 | LQ6: 167.9 | LR6: 167.7 | LS6: 167.8 | LT6: 164.5 | LU6: 164.6 | LV6: 164.5 | LW6: 161.4 | LX6: 164.1 | LY6: 162.4 | LZ6: 169.6 | MA6: 172.8 | MB6: 170.8 | MC6: 174.3 | MD6: 176.6 | ME6: 175.2 | MF6: 168.3 | MG6: 170.6 | MH6: 169.2 | MI6: 169 | MJ6: 170.9 | MK6: 169.7 | ML6: 170.3 | MM6: 171.9 | MN6: 170.9 | MO6: 180.2 | MP6: 183.2 | MQ6: 181.4 | MR6: 189.1 | MS6: 191.9 | MT6: 190.2 | MU6: 192.9 | MV6: 197 | MW6: 194.5 | MX6: 173.9 | MY6: 177.2 | MZ6: 175.2 | NA6: 173.9 | NB6: 177.2 | NC6: 175.2 | ND6: 167.9 | NE6: 172.4 | NF6: 169.6 | NG6: 171 | NH6: 176.7 | NI6: 173.2
A7: Milk and products | B7: 104.9 | C7: 103.6 | D7: 104.4 | E7: 105.4 | F7: 104 | G7: 104.9 | H7: 105.6 | I7: 104.3 | J7: 105.1 | K7: 106.3 | L7: 104.7 | M7: 105.7 | N7: 107.5 | O7: 105.5 | P7: 106.8 | Q7: 108.3 | R7: 107.3 | S7: 107.9 | T7: 109.3 | U7: 108.3 | V7: 108.9 | W7: 110 | X7: 108.9 | Y7: 109.6 | Z7: 111 | AA7: 109.6 | AB7: 110.5 | AC7: 111.7 | AD7: 110.4 | AE7: 111.2 | AF7: 112.8 | AG7: 112 | AH7: 112.5 | AI7: 113.8 | AJ7: 112.8 | AK7: 113.4 | AL7: 114.4 | AM7: 113.6 | AN7: 114.1 | AO7: 115 | AP7: 115.2 | AQ7: 115.1 | AR7: 116.1 | AS7: 116.2 | AT7: 116.1 | AU7: 117 | AV7: 117 | AW7: 117 | AX7: 118 | AY7: 119.1 | AZ7: 118.4 | BA7: 119.3 | BB7: 120.4 | BC7: 119.7 | BD7: 120.6 | BE7: 121.6 | BF7: 121 | BG7: 121.9 | BH7: 122.2 | BI7: 122 | BJ7: 122.7 | BK7: 122.7 | BL7: 122.7 | BM7: 123.2 | BN7: 123.1 | BO7: 123.2 | BP7: 124 | BQ7: 124.6 | BR7: 124.2 | BS7: 124.2 | BT7: 124.9 | BU7: 124.5 | BV7: 124.9 | BW7: 125.2 | BX7: 125 | BY7: 125.8 | BZ7: 125.6 | CA7: 125.7 | CB7: 126 | CC7: 125.9 | CD7: 126 | CE7: 126.8 | CF7: 126.3 | CG7: 126.6 | CH7: 127.7 | CI7: 126.6 | CJ7: 127.3 | CK7: 128.7 | CL7: 127.3 | CM7: 128.2 | CN7: 128.7 | CO7: 127.7 | CP7: 128.3 | CQ7: 128.8 | CR7: 128 | CS7: 128.5 | CT7: 129.2 | CU7: 128.3 | CV7: 128.9 | CW7: 129.4 | CX7: 128.5 | CY7: 129.1 | CZ7: 129.5 | DA7: 128.6 | DB7: 129.2 | DC7: 129.8 | DD7: 128.6 | DE7: 129.4 | DF7: 130.3 | DG7: 129.2 | DH7: 129.9 | DI7: 130.7 | DJ7: 129.6 | DK7: 130.3 | DL7: 130.5 | DM7: 129.7 | DN7: 130.2 | DO7: 131.3 | DP7: 130.2 | DQ7: 130.9 | DR7: 132.4 | DS7: 130.4 | DT7: 131.7 | DU7: 133.6 | DV7: 131 | DW7: 132.6 | DX7: 134.5 | DY7: 131.8 | DZ7: 133.5 | EA7: 135.3 | EB7: 132.2 | EC7: 134.1 | ED7: 135.5 | EE7: 132.6 | EF7: 134.4 | EG7: 136 | EH7: 132.7 | EI7: 134.8 | EJ7: 136.2 | EK7: 132.9 | EL7: 135 | EM7: 136.3 | EN7: 133.1 | EO7: 135.1 | EP7: 136.7 | EQ7: 133.1 | ER7: 135.4 | ES7: 137.2 | ET7: 133.5 | EU7: 135.8 | EV7: 137.2 | EW7: 134.9 | EX7: 136.3 | EY7: 137.7 | EZ7: 136.3 | FA7: 137.2 | FB7: 138.2 | FC7: 136.8 | FD7: 137.7 | FE7: 138.6 | FF7: 137.3 | FG7: 138.1 | FH7: 139 | FI7: 137.7 | FJ7: 138.5 | FK7: 139.4 | FL7: 138.3 | FM7: 139 | FN7: 140.2 | FO7: 138.7 | FP7: 139.6 | FQ7: 141.5 | FR7: 139.1 | FS7: 140.6 | FT7: 141.5 | FU7: 139.5 | FV7: 140.8 | FW7: 141.9 | FX7: 139.5 | FY7: 141 | FZ7: 142 | GA7: 139.6 | GB7: 141.1 | GC7: 141.5 | GD7: 139.9 | GE7: 140.9 | GF7: 142 | GG7: 139.9 | GH7: 141.2 | GI7: 142.4 | GJ7: 140.3 | GK7: 141.6 | GL7: 142.9 | GM7: 140.7 | GN7: 142.1 | GO7: 143.2 | GP7: 140.8 | GQ7: 142.3 | GR7: 143.4 | GS7: 141 | GT7: 142.5 | GU7: 143.5 | GV7: 141.2 | GW7: 142.6 | GX7: 143.7 | GY7: 141.5 | GZ7: 142.9 | HA7: 141.9 | HB7: 141.5 | HC7: 141.9 | HD7: 141.9 | HE7: 141.6 | HF7: 141.8 | HG7: 142.4 | HH7: 141.6 | HI7: 142.1 | HJ7: 142.4 | HK7: 141.7 | HL7: 142.1 | HM7: 142.5 | HN7: 141.7 | HO7: 142.2 | HP7: 142.5 | HQ7: 141.9 | HR7: 142.3 | HS7: 142.6 | HT7: 142.4 | HU7: 142.5 | HV7: 143.2 | HW7: 143.4 | HX7: 143.3 | HY7: 143.9 | HZ7: 144.1 | IA7: 144 | IB7: 144.6 | IC7: 144.9 | ID7: 144.7 | IE7: 145.7 | IF7: 144.9 | IG7: 145.4 | IH7: 146.5 | II7: 145.6 | IJ7: 146.2 | IK7: 147.1 | IL7: 145.9 | IM7: 146.7 | IN7: 148.7 | IO7: 147.5 | IP7: 148.3 | IQ7: 150.5 | IR7: 149.3 | IS7: 150.1 | IT7: 150.9 | IU7: 150.7 | IV7: 150.8 | IW7: 151.7 | IX7: 151.1 | IY7: 151.5 | IZ7: 155.6 | JA7: 155.5 | JB7: 155.6 | JF7: 153.3 | JG7: 153.4 | JH7: 153.3 | JI7: 153.3 | JJ7: 153.4 | JK7: 153.3 | JL7: 153.3 | JM7: 153.4 | JN7: 153.3 | JO7: 153.4 | JP7: 153.9 | JQ7: 153.6 | JR7: 153.6 | JS7: 153.7 | JT7: 153.6 | JU7: 153.8 | JV7: 153.9 | JW7: 153.8 | JX7: 154 | JY7: 154.2 | JZ7: 154.1 | KA7: 154 | KB7: 154.4 | KC7: 154.1 | KD7: 154.4 | KE7: 155.1 | KF7: 154.7 | KG7: 154.5 | KH7: 155.6 | KI7: 154.9 | KJ7: 155 | KK7: 156 | KL7: 155.4 | KM7: 155.8 | KN7: 156.5 | KO7: 156.1 | KP7: 156.1 | KQ7: 156.5 | KR7: 156.2 | KS7: 157.1 | KT7: 158.2 | KU7: 157.5 | KV7: 157.5 | KW7: 159.2 | KX7: 158.4 | KY7: 158 | KZ7: 159.1 | LA7: 158.4 | LB7: 158.4 | LC7: 159.2 | LD7: 158.7 | LE7: 159.1 | LF7: 159.6 | LG7: 159.3 | LH7: 159.8 | LI7: 160 | LJ7: 159.9 | LK7: 160.5 | LL7: 160.4 | LM7: 160.5 | LN7: 160.7 | LO7: 160.6 | LP7: 160.7 | LQ7: 162 | LR7: 162.6 | LS7: 162.2 | LT7: 163.8 | LU7: 164.2 | LV7: 163.9 | LW7: 164.6 | LX7: 165.4 | LY7: 164.9 | LZ7: 165.4 | MA7: 166.4 | MB7: 165.8 | MC7: 166.3 | MD7: 167.1 | ME7: 166.6 | MF7: 167.9 | MG7: 168.4 | MH7: 168.1 | MI7: 169.5 | MJ7: 170.1 | MK7: 169.7 | ML7: 170.9 | MM7: 171 | MN7: 170.9 | MO7: 172.3 | MP7: 172.3 | MQ7: 172.3 | MR7: 173.4 | MS7: 173.9 | MT7: 173.6 | MU7: 174.3 | MV7: 175.2 | MW7: 174.6 | MX7: 177 | MY7: 177.9 | MZ7: 177.3 | NA7: 177 | NB7: 177.9 | NC7: 177.3 | ND7: 178.2 | NE7: 178.8 | NF7: 178.4 | NG7: 179.6 | NH7: 179.4 | NI7: 179.5
A8: Oils and fats | B8: 106.1 | C8: 103.4 | D8: 105.1 | E8: 106.7 | F8: 103.5 | G8: 105.5 | H8: 106.2 | I8: 102.7 | J8: 104.9 | K8: 105.7 | L8: 102.1 | M8: 104.4 | N8: 105.3 | O8: 101.5 | P8: 103.9 | Q8: 105.9 | R8: 101.3 | S8: 104.2 | T8: 106.2 | U8: 101.1 | V8: 104.3 | W8: 106.4 | X8: 101.1 | Y8: 104.5 | Z8: 107.4 | AA8: 101.7 | AB8: 105.3 | AC8: 107.7 | AD8: 102.3 | AE8: 105.7 | AF8: 108.9 | AG8: 103.2 | AH8: 106.8 | AI8: 109.5 | AJ8: 103.4 | AK8: 107.3 | AL8: 109 | AM8: 102.9 | AN8: 106.8 | AO8: 109 | AP8: 102.5 | AQ8: 106.6 | AR8: 109.3 | AS8: 102.8 | AT8: 106.9 | AU8: 109.7 | AV8: 103.1 | AW8: 107.3 | AX8: 110.1 | AY8: 103.5 | AZ8: 107.7 | BA8: 110.3 | BB8: 103.4 | BC8: 107.8 | BD8: 110.4 | BE8: 103.5 | BF8: 107.9 | BG8: 110.6 | BH8: 103.6 | BI8: 108 | BJ8: 110.4 | BK8: 103.5 | BL8: 107.9 | BM8: 110.5 | BN8: 103.5 | BO8: 107.9 | BP8: 110.5 | BQ8: 103.2 | BR8: 107.8 | BS8: 110.2 | BT8: 103 | BU8: 107.6 | BV8: 111 | BW8: 104.3 | BX8: 108.5 | BY8: 111.5 | BZ8: 104.9 | CA8: 109.1 | CB8: 111.8 | CC8: 104.8 | CD8: 109.2 | CE8: 111.9 | CF8: 104.5 | CG8: 109.2 | CH8: 112.5 | CI8: 105.2 | CJ8: 109.8 | CK8: 114.1 | CL8: 106 | CM8: 111.1 | CN8: 113.5 | CO8: 106.3 | CP8: 110.9 | CQ8: 114 | CR8: 106.8 | CS8: 111.4 | CT8: 114.7 | CU8: 107 | CV8: 111.9 | CW8: 115.8 | CX8: 109 | CY8: 113.3 | CZ8: 117.8 | DA8: 110 | DB8: 114.9 | DC8: 118.3 | DD8: 110 | DE8: 115.3 | DF8: 118.9 | DG8: 109.7 | DH8: 115.5 | DI8: 118.5 | DJ8: 108.4 | DK8: 114.8 | DL8: 118.3 | DM8: 107.9 | DN8: 114.5 | DO8: 118.2 | DP8: 108.9 | DQ8: 114.8 | DR8: 118.2 | DS8: 109.6 | DT8: 115 | DU8: 118.6 | DV8: 110.2 | DW8: 115.5 | DX8: 119.5 | DY8: 111 | DZ8: 116.4 | EA8: 119.9 | EB8: 111.8 | EC8: 116.9 | ED8: 120.2 | EE8: 111.9 | EF8: 117.2 | EG8: 120.8 | EH8: 112.5 | EI8: 117.8 | EJ8: 121.1 | EK8: 112.6 | EL8: 118 | EM8: 121.6 | EN8: 113.5 | EO8: 118.6 | EP8: 122 | EQ8: 114 | ER8: 119.1 | ES8: 122.1 | ET8: 114.3 | EU8: 119.2 | EV8: 121.6 | EW8: 114 | EX8: 118.8 | EY8: 121.3 | EZ8: 113.5 | FA8: 118.4 | FB8: 120.8 | FC8: 113.4 | FD8: 118.1 | FE8: 120.9 | FF8: 113.5 | FG8: 118.2 | FH8: 120.9 | FI8: 113.4 | FJ8: 118.1 | FK8: 120.5 | FL8: 114.1 | FM8: 118.1 | FN8: 120.7 | FO8: 114.5 | FP8: 118.4 | FQ8: 121.4 | FR8: 114.9 | FS8: 119 | FT8: 121.6 | FU8: 115.2 | FV8: 119.2 | FW8: 123.1 | FX8: 115.9 | FY8: 120.5 | FZ8: 123.2 | GA8: 116.4 | GB8: 120.7 | GC8: 122.9 | GD8: 116.2 | GE8: 120.4 | GF8: 123.2 | GG8: 116.5 | GH8: 120.7 | GI8: 123.5 | GJ8: 116.6 | GK8: 121 | GL8: 123.6 | GM8: 116.4 | GN8: 121 | GO8: 124 | GP8: 116.6 | GQ8: 121.3 | GR8: 124.1 | GS8: 116.7 | GT8: 121.4 | GU8: 125 | GV8: 117.4 | GW8: 122.2 | GX8: 124.6 | GY8: 117.8 | GZ8: 122.1 | HA8: 123.5 | HB8: 118 | HC8: 121.1 | HD8: 122.8 | HE8: 118.1 | HF8: 121.1 | HG8: 124.2 | HH8: 118.1 | HI8: 122 | HJ8: 123.9 | HK8: 118.1 | HL8: 121.8 | HM8: 124.1 | HN8: 118.4 | HO8: 122 | HP8: 124.1 | HQ8: 118.4 | HR8: 122 | HS8: 124 | HT8: 118.6 | HU8: 122 | HV8: 124.3 | HW8: 118.6 | HX8: 122.2 | HY8: 124.4 | HZ8: 119.3 | IA8: 122.5 | IB8: 124.7 | IC8: 119.9 | ID8: 122.9 | IE8: 125.1 | IF8: 120.8 | IG8: 123.5 | IH8: 125.6 | II8: 121.1 | IJ8: 123.9 | IK8: 126 | IL8: 121.5 | IM8: 124.3 | IN8: 127.5 | IO8: 122.7 | IP8: 125.7 | IQ8: 132 | IR8: 126.3 | IS8: 129.9 | IT8: 133.7 | IU8: 127.4 | IV8: 131.4 | IW8: 133.3 | IX8: 127.5 | IY8: 131.2 | IZ8: 137.1 | JA8: 131.6 | JB8: 135.1 | JF8: 138.2 | JG8: 132.9 | JH8: 136.3 | JI8: 138.2 | JJ8: 132.9 | JK8: 136.3 | JL8: 139.8 | JM8: 133.4 | JN8: 137.4 | JO8: 140.4 | JP8: 134.4 | JQ8: 138.2 | JR8: 142.6 | JS8: 135.7 | JT8: 140.1 | JU8: 145.4 | JV8: 138 | JW8: 142.7 | JX8: 150 | JY8: 140.7 | JZ8: 146.6 | KA8: 154.8 | KB8: 144.1 | KC8: 150.9 | KD8: 163 | KE8: 151.4 | KF8: 158.7 | KG8: 168.2 | KH8: 156.4 | KI8: 163.9 | KJ8: 175.2 | KK8: 161.4 | KL8: 170.1 | KM8: 184.4 | KN8: 168.8 | KO8: 178.7 | KP8: 190.4 | KQ8: 172.2 | KR8: 183.7 | KS8: 188.7 | KT8: 170.6 | KU8: 182.1 | KV8: 190.9 | KW8: 175 | KX8: 188 | KY8: 195.5 | KZ8: 175 | LA8: 188 | LB8: 198.8 | LC8: 176.6 | LD8: 190.6 | LE8: 198.4 | LF8: 175.8 | LG8: 190.1 | LH8: 195.8 | LI8: 173.5 | LJ8: 187.6 | LK8: 192.6 | LL8: 171 | LM8: 184.7 | LN8: 192.6 | LO8: 171.5 | LP8: 184.9 | LQ8: 203.1 | LR8: 180 | LS8: 194.6 | LT8: 207.4 | LU8: 186 | LV8: 199.5 | LW8: 209.9 | LX8: 189.5 | LY8: 202.4 | LZ8: 208.1 | MA8: 188.6 | MB8: 200.9 | MC8: 202.2 | MD8: 184.8 | ME8: 195.8 | MF8: 198.1 | MG8: 182.5 | MH8: 192.4 | MI8: 194.1 | MJ8: 179.3 | MK8: 188.7 | ML8: 191.6 | MM8: 177.7 | MN8: 186.5 | MO8: 194 | MP8: 180 | MQ8: 188.9 | MR8: 193.9 | MS8: 179.1 | MT8: 188.5 | MU8: 192.6 | MV8: 178 | MW8: 187.2 | MX8: 183.4 | MY8: 172.2 | MZ8: 179.3 | NA8: 183.3 | NB8: 172.2 | NC8: 179.2 | ND8: 178.5 | NE8: 168.7 | NF8: 174.9 | NG8: 173.3 | NH8: 164.4 | NI8: 170
A9: Fruits | B9: 103.9 | C9: 102.3 | D9: 103.2 | E9: 104 | F9: 103.1 | G9: 103.6 | H9: 105.7 | I9: 104.9 | J9: 105.3 | K9: 108.3 | L9: 109.5 | M9: 108.9 | N9: 108.1 | O9: 110.6 | P9: 109.3 | Q9: 109.2 | R9: 112.4 | S9: 110.7 | T9: 110.3 | U9: 113.2 | V9: 111.7 | W9: 110.8 | X9: 108.7 | Y9: 109.8 | Z9: 110.9 | AA9: 103.2 | AB9: 107.3 | AC9: 113.2 | AD9: 106.2 | AE9: 109.9 | AF9: 116.6 | AG9: 110 | AH9: 113.5 | AI9: 115.5 | AJ9: 110.7 | AK9: 113.3 | AL9: 115.5 | AM9: 112.1 | AN9: 113.9 | AO9: 116.6 | AP9: 114.1 | AQ9: 115.4 | AR9: 119.6 | AS9: 117.7 | AT9: 118.7 | AU9: 125.5 | AV9: 126.7 | AW9: 126.1 | AX9: 126.3 | AY9: 129.2 | AZ9: 127.7 | BA9: 125.8 | BB9: 131.2 | BC9: 128.3 | BD9: 129.1 | BE9: 133.7 | BF9: 131.2 | BG9: 129.7 | BH9: 132.7 | BI9: 131.1 | BJ9: 129.8 | BK9: 124.5 | BL9: 127.3 | BM9: 128.9 | BN9: 123.5 | BO9: 126.4 | BP9: 128.8 | BQ9: 122.2 | BR9: 125.7 | BS9: 128.6 | BT9: 122.3 | BU9: 125.7 | BV9: 130.4 | BW9: 121.3 | BX9: 126.2 | BY9: 129.4 | BZ9: 121.6 | CA9: 125.8 | CB9: 130.9 | CC9: 123.8 | CD9: 127.6 | CE9: 134.2 | CF9: 130.6 | CG9: 132.5 | CH9: 134.1 | CI9: 130.8 | CJ9: 132.6 | CK9: 133.2 | CL9: 132.3 | CM9: 132.8 | CN9: 133.3 | CO9: 132.8 | CP9: 133.1 | CQ9: 134.2 | CR9: 130.1 | CS9: 132.3 | CT9: 132.3 | CU9: 124 | CV9: 128.4 | CW9: 133.2 | CX9: 124.1 | CY9: 129 | CZ9: 132.1 | DA9: 123.7 | DB9: 128.2 | DC9: 131.6 | DD9: 120.8 | DE9: 126.6 | DF9: 131.6 | DG9: 119 | DH9: 125.7 | DI9: 130.4 | DJ9: 118.6 | DK9: 124.9 | DL9: 131.7 | DM9: 119.9 | DN9: 126.2 | DO9: 138.1 | DP9: 131.1 | DQ9: 134.8 | DR9: 138.1 | DS9: 133.5 | DT9: 136 | DU9: 137.4 | DV9: 135.5 | DW9: 136.5 | DX9: 138.5 | DY9: 137 | DZ9: 137.8 | EA9: 140.2 | EB9: 135.8 | EC9: 138.1 | ED9: 139.2 | EE9: 132.5 | EF9: 136.1 | EG9: 138.4 | EH9: 130.4 | EI9: 134.7 | EJ9: 136.9 | EK9: 130.8 | EL9: 134.1 | EM9: 135.6 | EN9: 129.3 | EO9: 132.7 | EP9: 136 | EQ9: 129.6 | ER9: 133 | ES9: 138.7 | ET9: 131.4 | EU9: 135.3 | EV9: 139.7 | EW9: 136.8 | EX9: 138.3 | EY9: 141.8 | EZ9: 137.7 | FA9: 139.9 | FB9: 140.2 | FC9: 135.2 | FD9: 137.9 | FE9: 140.9 | FF9: 137.2 | FG9: 139.2 | FH9: 143.9 | FI9: 139.4 | FJ9: 141.8 | FK9: 148 | FL9: 142.7 | FM9: 145.5 | FN9: 147.8 | FO9: 137.5 | FP9: 143 | FQ9: 146.7 | FR9: 135.6 | FS9: 141.5 | FT9: 147.3 | FU9: 136.4 | FV9: 142.2 | FW9: 147.2 | FX9: 135 | FY9: 141.5 | FZ9: 147.9 | GA9: 133.8 | GB9: 141.3 | GC9: 149.4 | GD9: 135.5 | GE9: 142.9 | GF9: 152.9 | GG9: 138.5 | GH9: 146.2 | GI9: 156.4 | GJ9: 150.1 | GK9: 153.5 | GL9: 157.5 | GM9: 151.3 | GN9: 154.6 | GO9: 154.1 | GP9: 152.2 | GQ9: 153.2 | GR9: 153.3 | GS9: 149.7 | GT9: 151.6 | GU9: 154.4 | GV9: 146.3 | GW9: 150.6 | GX9: 150.1 | GY9: 140 | GZ9: 145.4 | HA9: 144.5 | HB9: 139.5 | HC9: 142.5 | HD9: 143.9 | HE9: 141.5 | HF9: 142.8 | HG9: 140.2 | HH9: 138.5 | HI9: 139.4 | HJ9: 135.5 | HK9: 135.2 | HL9: 135.4 | HM9: 135.8 | HN9: 137 | HO9: 136.4 | HP9: 136.1 | HQ9: 139.4 | HR9: 137.6 | HS9: 143.7 | HT9: 149.7 | HU9: 146.5 | HV9: 143.3 | HW9: 150.9 | HX9: 146.8 | HY9: 146.4 | HZ9: 154.7 | IA9: 150.3 | IB9: 145.5 | IC9: 153.9 | ID9: 149.4 | IE9: 143.8 | IF9: 149.8 | IG9: 146.6 | IH9: 145.7 | II9: 150.6 | IJ9: 148 | IK9: 146.2 | IL9: 148.8 | IM9: 147.4 | IN9: 144.3 | IO9: 147.2 | IP9: 145.7 | IQ9: 142.2 | IR9: 144.4 | IS9: 143.2 | IT9: 140.7 | IU9: 143.1 | IV9: 141.8 | IW9: 141.8 | IX9: 143.3 | IY9: 142.5 | IZ9: 147.3 | JA9: 152.9 | JB9: 149.9 | JF9: 143.2 | JG9: 151.8 | JH9: 147.2 | JI9: 143.2 | JJ9: 151.8 | JK9: 147.2 | JL9: 146.9 | JM9: 154.5 | JN9: 150.4 | JO9: 147 | JP9: 155.4 | JQ9: 150.9 | JR9: 147.2 | JS9: 155.7 | JT9: 151.2 | JU9: 146.5 | JV9: 150.5 | JW9: 148.4 | JX9: 145.9 | JY9: 149.7 | JZ9: 147.7 | KA9: 147 | KB9: 152.6 | KC9: 149.6 | KD9: 147.8 | KE9: 154 | KF9: 150.7 | KG9: 150.5 | KH9: 157.3 | KI9: 153.7 | KJ9: 160.6 | KK9: 168.8 | KL9: 164.4 | KM9: 162.3 | KN9: 172.5 | KO9: 167.1 | KP9: 158.6 | KQ9: 171.5 | KR9: 164.6 | KS9: 157.7 | KT9: 170.9 | KU9: 163.9 | KV9: 155.7 | KW9: 161.3 | KX9: 156.8 | KY9: 152.7 | KZ9: 161.2 | LA9: 156.7 | LB9: 152.6 | LC9: 159.3 | LD9: 155.7 | LE9: 153.2 | LF9: 160.3 | LG9: 156.5 | LH9: 152 | LI9: 158.3 | LJ9: 154.9 | LK9: 151.2 | LL9: 156.5 | LM9: 153.7 | LN9: 151.4 | LO9: 156.4 | LP9: 153.7 | LQ9: 155.9 | LR9: 159.6 | LS9: 157.6 | LT9: 169.7 | LU9: 175.9 | LV9: 172.6 | LW9: 168 | LX9: 174.5 | LY9: 171 | LZ9: 165.8 | MA9: 174.1 | MB9: 169.7 | MC9: 169.6 | MD9: 179.5 | ME9: 174.2 | MF9: 169.2 | MG9: 177.1 | MH9: 172.9 | MI9: 164.1 | MJ9: 167.5 | MK9: 165.7 | ML9: 162.2 | MM9: 165.7 | MN9: 163.8 | MO9: 159.1 | MP9: 162.6 | MQ9: 160.7 | MR9: 156.7 | MS9: 159.5 | MT9: 158 | MU9: 156.3 | MV9: 160.5 | MW9: 158.3 | MX9: 167.2 | MY9: 172.1 | MZ9: 169.5 | NA9: 167.2 | NB9: 172.1 | NC9: 169.5 | ND9: 173.7 | NE9: 179.2 | NF9: 176.3 | NG9: 169 | NH9: 175.8 | NI9: 172.2
A10: Vegetables | B10: 101.9 | C10: 102.9 | D10: 102.2 | E10: 102.4 | F10: 104.9 | G10: 103.2 | H10: 101.4 | I10: 103.8 | J10: 102.2 | K10: 103.4 | L10: 109.7 | M10: 105.5 | N10: 107.3 | O10: 123.7 | P10: 112.9 | Q10: 118 | R10: 143.6 | S10: 126.7 | T10: 129.2 | U10: 160.9 | V10: 140 | W10: 138.9 | X10: 177 | Y10: 151.8 | Z10: 154 | AA10: 174.3 | AB10: 160.9 | AC10: 164.9 | AD10: 183.5 | AE10: 171.2 | AF10: 178.1 | AG10: 192.8 | AH10: 183.1 | AI10: 145.7 | AJ10: 144.8 | AK10: 145.4 | AL10: 123.9 | AM10: 118.9 | AN10: 122.2 | AO10: 116 | AP10: 111.5 | AQ10: 114.5 | AR10: 117.9 | AS10: 113.3 | AT10: 116.3 | AU10: 120.5 | AV10: 121.2 | AW10: 120.7 | AX10: 123.9 | AY10: 127 | AZ10: 125 | BA10: 129.3 | BB10: 137.5 | BC10: 132.1 | BD10: 150.1 | BE10: 172.4 | BF10: 157.7 | BG10: 161.1 | BH10: 181.9 | BI10: 168.2 | BJ10: 158.8 | BK10: 168.6 | BL10: 162.1 | BM10: 155.3 | BN10: 159.6 | BO10: 156.8 | BP10: 152 | BQ10: 153.2 | BR10: 152.4 | BS10: 140.3 | BT10: 141 | BU10: 140.5 | BV10: 132.3 | BW10: 134.4 | BX10: 133 | BY10: 128.2 | BZ10: 131.8 | CA10: 129.4 | CB10: 128 | CC10: 131.4 | CD10: 129.2 | CE10: 127.5 | CF10: 130.8 | CG10: 128.6 | CH10: 128.5 | CI10: 135.6 | CJ10: 130.9 | CK10: 135.2 | CL10: 146.7 | CM10: 139.1 | CN10: 140.8 | CO10: 153.5 | CP10: 145.1 | CQ10: 153.6 | CR10: 165.5 | CS10: 157.6 | CT10: 158.9 | CU10: 168.5 | CV10: 162.2 | CW10: 157.7 | CX10: 165.8 | CY10: 160.4 | CZ10: 155.2 | DA10: 164.6 | DB10: 158.4 | DC10: 145.5 | DD10: 149 | DE10: 146.7 | DF10: 140.1 | DG10: 144.1 | DH10: 141.5 | DI10: 130.9 | DJ10: 129.2 | DK10: 130.3 | DL10: 130.7 | DM10: 128.1 | DN10: 129.8 | DO10: 134.1 | DP10: 136.8 | DQ10: 135 | DR10: 141.8 | DS10: 151.4 | DT10: 145.1 | DU10: 152.5 | DV10: 173.7 | DW10: 159.7 | DX10: 158.2 | DY10: 179.5 | DZ10: 165.4 | EA10: 156.9 | EB10: 163.5 | EC10: 159.1 | ED10: 149.5 | EE10: 152.9 | EF10: 150.7 | EG10: 149.2 | EH10: 155.1 | EI10: 151.2 | EJ10: 141.8 | EK10: 142 | EL10: 141.9 | EM10: 127.5 | EN10: 121.1 | EO10: 125.3 | EP10: 119.8 | EQ10: 118.7 | ER10: 119.4 | ES10: 119.1 | ET10: 120.2 | EU10: 119.5 | EV10: 119.7 | EW10: 122.2 | EX10: 120.5 | EY10: 121.5 | EZ10: 127.1 | FA10: 123.4 | FB10: 123.8 | FC10: 129.2 | FD10: 125.6 | FE10: 128.8 | FF10: 142.2 | FG10: 133.3 | FH10: 151.5 | FI10: 175.1 | FJ10: 159.5 | FK10: 162.9 | FL10: 179.8 | FM10: 168.6 | FN10: 154.5 | FO10: 160.7 | FP10: 156.6 | FQ10: 157.1 | FR10: 173.2 | FS10: 162.6 | FT10: 168 | FU10: 185.2 | FV10: 173.8 | FW10: 161 | FX10: 163.2 | FY10: 161.7 | FZ10: 152.1 | GA10: 150.5 | GB10: 151.6 | GC10: 142.4 | GD10: 136.9 | GE10: 140.5 | GF10: 138 | GG10: 128 | GH10: 134.6 | GI10: 135.1 | GJ10: 127.6 | GK10: 132.6 | GL10: 137.8 | GM10: 131.4 | GN10: 135.6 | GO10: 143.5 | GP10: 144 | GQ10: 143.7 | GR10: 154.2 | GS10: 159.2 | GT10: 155.9 | GU10: 156.3 | GV10: 157.3 | GW10: 156.6 | GX10: 149.4 | GY10: 151.3 | GZ10: 150 | HA10: 147.6 | HB10: 153 | HC10: 146.7 | HD10: 147.5 | HE10: 145.2 | HF10: 146.7 | HG10: 136.6 | HH10: 132.4 | HI10: 135.2 | HJ10: 131.7 | HK10: 130.5 | HL10: 131.3 | HM10: 128.7 | HN10: 131.6 | HO10: 129.7 | HP10: 128.2 | HQ10: 141.2 | HR10: 132.6 | HS10: 133.4 | HT10: 161.6 | HU10: 143 | HV10: 140.6 | HW10: 169.8 | HX10: 150.5 | HY10: 150.1 | HZ10: 180.1 | IA10: 160.3 | IB10: 156.2 | IC10: 189.1 | ID10: 167.4 | IE10: 163.4 | IF10: 192.4 | IG10: 173.2 | IH10: 178.8 | II10: 207.2 | IJ10: 188.4 | IK10: 191.4 | IL10: 215.7 | IM10: 199.6 | IN10: 209.5 | IO10: 231.5 | IP10: 217 | IQ10: 191.5 | IR10: 207.8 | IS10: 197 | IT10: 165.1 | IU10: 181.7 | IV10: 170.7 | IW10: 152.3 | IX10: 167 | IY10: 157.3 | IZ10: 162.7 | JA10: 180 | JB10: 168.6 | JF10: 148.9 | JG10: 171.2 | JH10: 156.5 | JI10: 148.9 | JJ10: 171.2 | JK10: 156.5 | JL10: 171 | JM10: 191.9 | JN10: 178.1 | JO10: 178.8 | JP10: 202 | JQ10: 186.7 | JR10: 200.6 | JS10: 226 | JT10: 209.2 | JU10: 222.2 | JV10: 245.3 | JW10: 230 | JX10: 225.2 | JY10: 240.9 | JZ10: 230.5 | KA10: 187.8 | KB10: 206.8 | KC10: 194.2 | KD10: 149.7 | KE10: 180.2 | KF10: 160 | KG10: 141 | KH10: 166.1 | KI10: 149.5 | KJ10: 135.1 | KK10: 161.6 | KL10: 144.1 | KM10: 138.4 | KN10: 166.5 | KO10: 147.9 | KP10: 144.7 | KQ10: 176.2 | KR10: 155.4 | KS10: 152.8 | KT10: 186.4 | KU10: 164.2 | KV10: 153.9 | KW10: 183.3 | KX10: 162.2 | KY10: 151.4 | KZ10: 183.5 | LA10: 162.3 | LB10: 170.4 | LC10: 214.4 | LD10: 185.3 | LE10: 183.9 | LF10: 229.1 | LG10: 199.2 | LH10: 172.3 | LI10: 219.5 | LJ10: 188.3 | LK10: 159.2 | LL10: 203.6 | LM10: 174.3 | LN10: 155.2 | LO10: 198 | LP10: 169.7 | LQ10: 155.8 | LR10: 188.4 | LS10: 166.9 | LT10: 153.6 | LU10: 190.7 | LV10: 166.2 | LW10: 160.4 | LX10: 203.2 | LY10: 174.9 | LZ10: 167.3 | MA10: 211.5 | MB10: 182.3 | MC10: 168.6 | MD10: 208.5 | ME10: 182.1 | MF10: 173.1 | MG10: 213.1 | MH10: 186.7 | MI10: 176.9 | MJ10: 220.8 | MK10: 191.8 | ML10: 184.8 | MM10: 228.6 | MN10: 199.7 | MO10: 171.6 | MP10: 205.5 | MQ10: 183.1 | MR10: 150.2 | MS10: 178.7 | MT10: 159.9 | MU10: 142.9 | MV10: 175.3 | MW10: 153.9 | MX10: 140.9 | MY10: 175.8 | MZ10: 152.7 | NA10: 140.9 | NB10: 175.9 | NC10: 152.8 | ND10: 142.8 | NE10: 179.9 | NF10: 155.4 | NG10: 148.7 | NH10: 185 | NI10: 161
A11: Pulses and products | B11: 106.1 | C11: 105.8 | D11: 106 | E11: 105.9 | F11: 104.1 | G11: 105.3 | H11: 105.7 | I11: 103.5 | J11: 105 | K11: 105.7 | L11: 104.6 | M11: 105.3 | N11: 106.1 | O11: 105.2 | P11: 105.8 | Q11: 106.8 | R11: 105.4 | S11: 106.3 | T11: 107.1 | U11: 105.1 | V11: 106.4 | W11: 107.4 | X11: 104.7 | Y11: 106.5 | Z11: 108.1 | AA11: 105.1 | AB11: 107.1 | AC11: 108.3 | AD11: 105.3 | AE11: 107.3 | AF11: 109.1 | AG11: 106.3 | AH11: 108.2 | AI11: 109.5 | AJ11: 107.1 | AK11: 108.7 | AL11: 109.6 | AM11: 107.5 | AN11: 108.9 | AO11: 109.8 | AP11: 108.2 | AQ11: 109.3 | AR11: 110.2 | AS11: 108.9 | AT11: 109.8 | AU11: 111 | AV11: 111 | AW11: 111 | AX11: 111.5 | AY11: 112.6 | AZ11: 111.9 | BA11: 112.2 | BB11: 112.8 | BC11: 112.4 | BD11: 113.2 | BE11: 113.1 | BF11: 113.2 | BG11: 114.1 | BH11: 115.2 | BI11: 114.5 | BJ11: 115 | BK11: 116.9 | BL11: 115.6 | BM11: 115.5 | BN11: 117.4 | BO11: 116.1 | BP11: 116.2 | BQ11: 119.3 | BR11: 117.2 | BS11: 116.3 | BT11: 120.1 | BU11: 117.6 | BV11: 117.2 | BW11: 122.9 | BX11: 119.1 | BY11: 118.8 | BZ11: 125.1 | CA11: 120.9 | CB11: 119.9 | CC11: 127.2 | CD11: 122.4 | CE11: 121.5 | CF11: 131.3 | CG11: 124.8 | CH11: 124.3 | CI11: 142.6 | CJ11: 130.5 | CK11: 131.9 | CL11: 148.1 | CM11: 137.4 | CN11: 133.8 | CO11: 149.5 | CP11: 139.1 | CQ11: 137.9 | CR11: 156 | CS11: 144 | CT11: 142.1 | CU11: 165.4 | CV11: 150 | CW11: 154.2 | CX11: 187.2 | CY11: 165.3 | CZ11: 160.8 | DA11: 191.6 | DB11: 171.2 | DC11: 162.1 | DD11: 190.1 | DE11: 171.5 | DF11: 163.8 | DG11: 184.2 | DH11: 170.7 | DI11: 162.8 | DJ11: 176.4 | DK11: 167.4 | DL11: 161.2 | DM11: 170.3 | DN11: 164.3 | DO11: 162.7 | DP11: 176.9 | DQ11: 167.5 | DR11: 166 | DS11: 182.8 | DT11: 171.7 | DU11: 169.2 | DV11: 184.4 | DW11: 174.3 | DX11: 171.8 | DY11: 188.4 | DZ11: 177.4 | EA11: 172.2 | EB11: 182.3 | EC11: 175.6 | ED11: 170.4 | EE11: 173.6 | EF11: 171.5 | EG11: 170.2 | EH11: 175.7 | EI11: 172.1 | EJ11: 170 | EK11: 174.9 | EL11: 171.7 | EM11: 167.9 | EN11: 170.3 | EO11: 168.7 | EP11: 161.7 | EQ11: 155.1 | ER11: 159.5 | ES11: 156.9 | ET11: 143.1 | EU11: 152.2 | EV11: 148 | EW11: 135.8 | EX11: 143.9 | EY11: 144.5 | EZ11: 133.8 | FA11: 140.9 | FB11: 141.8 | FC11: 131.5 | FD11: 138.3 | FE11: 140.2 | FF11: 128.2 | FG11: 136.2 | FH11: 138.1 | FI11: 124.7 | FJ11: 133.6 | FK11: 137.4 | FL11: 123.5 | FM11: 132.7 | FN11: 137.1 | FO11: 124.5 | FP11: 132.9 | FQ11: 136.4 | FR11: 124.1 | FS11: 132.3 | FT11: 135.8 | FU11: 122.2 | FV11: 131.2 | FW11: 133.8 | FX11: 119.8 | FY11: 129.1 | FZ11: 131.8 | GA11: 118.4 | GB11: 127.3 | GC11: 130.2 | GD11: 117 | GE11: 125.8 | GF11: 129.3 | GG11: 115.5 | GH11: 124.6 | GI11: 128.4 | GJ11: 114 | GK11: 123.5 | GL11: 127.2 | GM11: 112.8 | GN11: 122.3 | GO11: 126 | GP11: 112.3 | GQ11: 121.4 | GR11: 126.4 | GS11: 112.6 | GT11: 121.7 | GU11: 126.8 | GV11: 113.6 | GW11: 122.4 | GX11: 125.4 | GY11: 113.5 | GZ11: 121.4 | HA11: 121.4 | HB11: 113.2 | HC11: 119.1 | HD11: 121 | HE11: 115.3 | HF11: 119.1 | HG11: 120.9 | HH11: 117.5 | HI11: 119.8 | HJ11: 121.3 | HK11: 118.2 | HL11: 120.3 | HM11: 121.5 | HN11: 119.9 | HO11: 121 | HP11: 122.3 | HQ11: 120.7 | HR11: 121.8 | HS11: 125.1 | HT11: 124.4 | HU11: 124.9 | HV11: 128.7 | HW11: 127.4 | HX11: 128.3 | HY11: 130.6 | HZ11: 128.9 | IA11: 130 | IB11: 131.5 | IC11: 129.8 | ID11: 130.9 | IE11: 132.2 | IF11: 130.3 | IG11: 131.6 | IH11: 133.1 | II11: 131.2 | IJ11: 132.5 | IK11: 136.2 | IL11: 134.6 | IM11: 135.7 | IN11: 138.8 | IO11: 137.2 | IP11: 138.3 | IQ11: 141.1 | IR11: 139.1 | IS11: 140.4 | IT11: 141.8 | IU11: 139.6 | IV11: 141.1 | IW11: 141.8 | IX11: 139.7 | IY11: 141.1 | IZ11: 150.2 | JA11: 150.8 | JB11: 150.4 | JF11: 150.3 | JG11: 152 | JH11: 150.9 | JI11: 150.3 | JJ11: 152 | JK11: 150.9 | JL11: 149.9 | JM11: 151.3 | JN11: 150.4 | JO11: 149.3 | JP11: 150.8 | JQ11: 149.8 | JR11: 150.3 | JS11: 152.2 | JT11: 150.9 | JU11: 155.9 | JV11: 158.7 | JW11: 156.8 | JX11: 159.5 | JY11: 161.5 | JZ11: 160.2 | KA11: 159.5 | KB11: 162.1 | KC11: 160.4 | KD11: 158.3 | KE11: 159.8 | KF11: 158.8 | KG11: 159.2 | KH11: 161.1 | KI11: 159.8 | KJ11: 161.1 | KK11: 162.8 | KL11: 161.7 | KM11: 165.1 | KN11: 165.9 | KO11: 165.4 | KP11: 165.5 | KQ11: 166.9 | KR11: 166 | KS11: 163.6 | KT11: 164.7 | KU11: 164 | KV11: 162.8 | KW11: 164.5 | KX11: 164.1 | KY11: 163.9 | KZ11: 164.5 | LA11: 164.1 | LB11: 165.2 | LC11: 165.3 | LD11: 165.2 | LE11: 165.4 | LF11: 165.1 | LG11: 165.3 | LH11: 164.5 | LI11: 164.2 | LJ11: 164.4 | LK11: 164 | LL11: 163.8 | LM11: 163.9 | LN11: 163.9 | LO11: 163.2 | LP11: 163.7 | LQ11: 164.2 | LR11: 163.4 | LS11: 163.9 | LT11: 165.1 | LU11: 164 | LV11: 164.7 | LW11: 165 | LX11: 164.1 | LY11: 164.7 | LZ11: 164.6 | MA11: 163.6 | MB11: 164.3 | MC11: 164.4 | MD11: 164 | ME11: 164.3 | MF11: 167.1 | MG11: 167.3 | MH11: 167.2 | MI11: 169 | MJ11: 169.2 | MK11: 169.1 | ML11: 169.7 | MM11: 169.9 | MN11: 169.8 | MO11: 170.2 | MP11: 171 | MQ11: 170.5 | MR11: 170.5 | MS11: 171.3 | MT11: 170.8 | MU11: 170.7 | MV11: 171.2 | MW11: 170.9 | MX11: 170.4 | MY11: 172.2 | MZ11: 171 | NA11: 170.5 | NB11: 172.2 | NC11: 171.1 | ND11: 172.8 | NE11: 174.7 | NF11: 173.4 | NG11: 174.9 | NH11: 176.9 | NI11: 175.6
A12: Sugar and Confectionery | B12: 106.8 | C12: 105.1 | D12: 106.2 | E12: 105.7 | F12: 103.8 | G12: 105.1 | H12: 105 | I12: 102.6 | J12: 104.2 | K12: 104.2 | L12: 102 | M12: 103.5 | N12: 103.7 | O12: 101.9 | P12: 103.1 | Q12: 104.1 | R12: 101.4 | S12: 103.2 | T12: 104.3 | U12: 101.3 | V12: 103.3 | W12: 104.1 | X12: 101 | Y12: 103.1 | Z12: 104.2 | AA12: 100.8 | AB12: 103.1 | AC12: 103.9 | AD12: 100.2 | AE12: 102.7 | AF12: 103.6 | AG12: 99.5 | AH12: 102.2 | AI12: 102.9 | AJ12: 98.6 | AK12: 101.5 | AL12: 101.8 | AM12: 96.9 | AN12: 100.2 | AO12: 101.1 | AP12: 95.4 | AQ12: 99.2 | AR12: 101.2 | AS12: 96.3 | AT12: 99.6 | AU12: 102.6 | AV12: 100.3 | AW12: 101.8 | AX12: 103.5 | AY12: 101.3 | AZ12: 102.8 | BA12: 103.6 | BB12: 101.4 | BC12: 102.9 | BD12: 104.8 | BE12: 102.7 | BF12: 104.1 | BG12: 105.1 | BH12: 102.7 | BI12: 104.3 | BJ12: 104.7 | BK12: 101.9 | BL12: 103.8 | BM12: 104 | BN12: 101.2 | BO12: 103.1 | BP12: 103.3 | BQ12: 99.8 | BR12: 102.1 | BS12: 102 | BT12: 97.8 | BU12: 100.6 | BV12: 100.5 | BW12: 96.1 | BX12: 99 | BY12: 100 | BZ12: 95 | CA12: 98.3 | CB12: 98.9 | CC12: 93.2 | CD12: 97 | CE12: 97.8 | CF12: 91.6 | CG12: 95.7 | CH12: 97.6 | CI12: 90.8 | CJ12: 95.3 | CK12: 96.3 | CL12: 89.8 | CM12: 94.1 | CN12: 94.1 | CO12: 85.7 | CP12: 91.3 | CQ12: 93.1 | CR12: 85.3 | CS12: 90.5 | CT12: 92.5 | CU12: 86.3 | CV12: 90.4 | CW12: 93.7 | CX12: 89.4 | CY12: 92.3 | CZ12: 94.5 | DA12: 90.8 | DB12: 93.3 | DC12: 95.4 | DD12: 92.7 | DE12: 94.5 | DF12: 97.7 | DG12: 96.7 | DH12: 97.4 | DI12: 98.7 | DJ12: 99.1 | DK12: 98.8 | DL12: 100.4 | DM12: 101.8 | DN12: 100.9 | DO12: 105 | DP12: 109.1 | DQ12: 106.4 | DR12: 107.5 | DS12: 111.1 | DT12: 108.7 | DU12: 108.8 | DV12: 112 | DW12: 109.9 | DX12: 110.3 | DY12: 113.3 | DZ12: 111.3 | EA12: 112.1 | EB12: 114.6 | EC12: 112.9 | ED12: 113.1 | EE12: 115.1 | EF12: 113.8 | EG12: 113.4 | EH12: 115.4 | EI12: 114.1 | EJ12: 113.4 | EK12: 115.6 | EL12: 114.1 | EM12: 113.8 | EN12: 115.5 | EO12: 114.4 | EP12: 114.8 | EQ12: 117.3 | ER12: 115.6 | ES12: 116.2 | ET12: 119.5 | EU12: 117.3 | EV12: 116.9 | EW12: 120.3 | EX12: 118 | EY12: 117.4 | EZ12: 120.8 | FA12: 118.5 | FB12: 118.6 | FC12: 121 | FD12: 119.4 | FE12: 118.9 | FF12: 120.9 | FG12: 119.6 | FH12: 120 | FI12: 121.5 | FJ12: 120.5 | FK12: 120.8 | FL12: 122.1 | FM12: 121.2 | FN12: 121 | FO12: 122.4 | FP12: 121.5 | FQ12: 121.4 | FR12: 122.6 | FS12: 121.8 | FT12: 122.5 | FU12: 123.9 | FV12: 123 | FW12: 121.9 | FX12: 120.7 | FY12: 121.5 | FZ12: 119.5 | GA12: 117.3 | GB12: 118.8 | GC12: 117.9 | GD12: 115.4 | GE12: 117.1 | GF12: 117.1 | GG12: 114.2 | GH12: 116.1 | GI12: 115.2 | GJ12: 110.6 | GK12: 113.7 | GL12: 111.8 | GM12: 105.3 | GN12: 109.6 | GO12: 112.4 | GP12: 108.4 | GQ12: 111.1 | GR12: 114.3 | GS12: 111.8 | GT12: 113.5 | GU12: 115.4 | GV12: 113.3 | GW12: 114.7 | GX12: 114.4 | GY12: 112.3 | GZ12: 113.7 | HA12: 112.3 | HB12: 112.8 | HC12: 111.9 | HD12: 111.6 | HE12: 112.5 | HF12: 111.9 | HG12: 109.9 | HH12: 111 | HI12: 110.3 | HJ12: 108.4 | HK12: 110.4 | HL12: 109.1 | HM12: 108.3 | HN12: 110.4 | HO12: 109 | HP12: 108.3 | HQ12: 110.4 | HR12: 109 | HS12: 109.3 | HT12: 111.2 | HU12: 109.9 | HV12: 110.6 | HW12: 111.8 | HX12: 111 | HY12: 110.8 | HZ12: 111.8 | IA12: 111.1 | IB12: 111.7 | IC12: 112.7 | ID12: 112 | IE12: 112.8 | IF12: 114 | IG12: 113.2 | IH12: 113.6 | II12: 114.8 | IJ12: 114 | IK12: 113.8 | IL12: 115 | IM12: 114.2 | IN12: 113.6 | IO12: 114.7 | IP12: 114 | IQ12: 113.8 | IR12: 114.8 | IS12: 114.1 | IT12: 113.1 | IU12: 114.6 | IV12: 113.6 | IW12: 112.6 | IX12: 114.4 | IY12: 113.2 | IZ12: 119.8 | JA12: 121.2 | JB12: 120.3 | JF12: 113.2 | JG12: 116.3 | JH12: 114.2 | JI12: 113.2 | JJ12: 116.3 | JK12: 114.2 | JL12: 114.2 | JM12: 116.8 | JN12: 115.1 | JO12: 115.1 | JP12: 118.9 | JQ12: 116.4 | JR12: 115.3 | JS12: 118.1 | JT12: 116.2 | JU12: 114.9 | JV12: 117.2 | JW12: 115.7 | JX12: 114.4 | JY12: 117.1 | JZ12: 115.3 | KA12: 113.8 | KB12: 116.3 | KC12: 114.6 | KD12: 111.8 | KE12: 114.9 | KF12: 112.8 | KG12: 111.7 | KH12: 114.3 | KI12: 112.6 | KJ12: 112.2 | KK12: 114.8 | KL12: 113.1 | KM12: 114.3 | KN12: 115.9 | KO12: 114.8 | KP12: 114.6 | KQ12: 116.1 | KR12: 115.1 | KS12: 113.9 | KT12: 115.7 | KU12: 114.5 | KV12: 115.2 | KW12: 120.4 | KX12: 119.7 | KY12: 119.3 | KZ12: 120.4 | LA12: 119.7 | LB12: 121.6 | LC12: 122.5 | LD12: 121.9 | LE12: 122.1 | LF12: 123.1 | LG12: 122.4 | LH12: 120.6 | LI12: 121.9 | LJ12: 121 | LK12: 119.3 | LL12: 121.3 | LM12: 120 | LN12: 118.1 | LO12: 120.6 | LP12: 118.9 | LQ12: 118.1 | LR12: 120.3 | LS12: 118.8 | LT12: 118.2 | LU12: 120.5 | LV12: 119 | LW12: 118.9 | LX12: 121.2 | LY12: 119.7 | LZ12: 119.1 | MA12: 121.4 | MB12: 119.9 | MC12: 119.2 | MD12: 121.5 | ME12: 120 | MF12: 120.2 | MG12: 122.2 | MH12: 120.9 | MI12: 120.8 | MJ12: 123.1 | MK12: 121.6 | ML12: 121.1 | MM12: 123.4 | MN12: 121.9 | MO12: 121.5 | MP12: 123.4 | MQ12: 122.1 | MR12: 121.2 | MS12: 123.1 | MT12: 121.8 | MU12: 120.3 | MV12: 122.7 | MW12: 121.1 | MX12: 119.1 | MY12: 121.9 | MZ12: 120 | NA12: 119.1 | NB12: 121.9 | NC12: 120 | ND12: 120.4 | NE12: 123.1 | NF12: 121.3 | NG12: 121.9 | NH12: 124.2 | NI12: 122.7
A13: Spices | B13: 103.1 | C13: 101.8 | D13: 102.7 | E13: 103.1 | F13: 102.3 | G13: 102.8 | H13: 103.3 | I13: 102.4 | J13: 103 | K13: 103.2 | L13: 103.5 | M13: 103.3 | N13: 104 | O13: 105 | P13: 104.3 | Q13: 105.4 | R13: 106.4 | S13: 105.7 | T13: 106.4 | U13: 107.5 | V13: 106.8 | W13: 106.9 | X13: 108.5 | Y13: 107.4 | Z13: 107.9 | AA13: 109.1 | AB13: 108.3 | AC13: 108.2 | AD13: 109.6 | AE13: 108.7 | AF13: 109 | AG13: 110.3 | AH13: 109.4 | AI13: 109.8 | AJ13: 111.9 | AK13: 110.5 | AL13: 110.2 | AM13: 112.7 | AN13: 111 | AO13: 110.4 | AP13: 113.5 | AQ13: 111.4 | AR13: 110.7 | AS13: 114.1 | AT13: 111.8 | AU13: 111.2 | AV13: 115.3 | AW13: 112.6 | AX13: 111.6 | AY13: 117 | AZ13: 113.4 | BA13: 112.3 | BB13: 118.3 | BC13: 114.3 | BD13: 113.3 | BE13: 120 | BF13: 115.5 | BG13: 114.6 | BH13: 122.1 | BI13: 117.1 | BJ13: 114.9 | BK13: 122.9 | BL13: 117.6 | BM13: 115.3 | BN13: 123.8 | BO13: 118.1 | BP13: 115.8 | BQ13: 124.6 | BR13: 118.7 | BS13: 116 | BT13: 125.4 | BU13: 119.1 | BV13: 117.2 | BW13: 126.6 | BX13: 120.3 | BY13: 118.6 | BZ13: 127.7 | CA13: 121.6 | CB13: 119.4 | CC13: 127.4 | CD13: 122.1 | CE13: 119.8 | CF13: 127.7 | CG13: 122.4 | CH13: 120.7 | CI13: 128.8 | CJ13: 123.4 | CK13: 123 | CL13: 130.5 | CM13: 125.5 | CN13: 123.4 | CO13: 131.5 | CP13: 126.1 | CQ13: 123.9 | CR13: 132.7 | CS13: 126.8 | CT13: 125.4 | CU13: 134.4 | CV13: 128.4 | CW13: 126.6 | CX13: 135.8 | CY13: 129.7 | CZ13: 128.3 | DA13: 137.1 | DB13: 131.2 | DC13: 128.9 | DD13: 138.6 | DE13: 132.1 | DF13: 129.6 | DG13: 139.5 | DH13: 132.9 | DI13: 130.6 | DJ13: 139.7 | DK13: 133.6 | DL13: 130.8 | DM13: 140.1 | DN13: 133.9 | DO13: 131.4 | DP13: 140.4 | DQ13: 134.4 | DR13: 132.2 | DS13: 141.5 | DT13: 135.3 | DU13: 133.1 | DV13: 142.8 | DW13: 136.3 | DX13: 134.3 | DY13: 143.9 | DZ13: 137.5 | EA13: 134.9 | EB13: 144.6 | EC13: 138.1 | ED13: 135.8 | EE13: 144.8 | EF13: 138.8 | EG13: 136.3 | EH13: 145.3 | EI13: 139.3 | EJ13: 136.8 | EK13: 145.4 | EL13: 139.7 | EM13: 137.5 | EN13: 145.5 | EO13: 140.2 | EP13: 136.9 | EQ13: 144.9 | ER13: 139.6 | ES13: 136 | ET13: 144 | EU13: 138.7 | EV13: 135.6 | EW13: 142.6 | EX13: 137.9 | EY13: 134.1 | EZ13: 141.3 | FA13: 136.5 | FB13: 134 | FC13: 139.9 | FD13: 136 | FE13: 133.5 | FF13: 138.8 | FG13: 135.3 | FH13: 133.9 | FI13: 137.8 | FJ13: 135.2 | FK13: 134.7 | FL13: 137.5 | FM13: 135.6 | FN13: 134.7 | FO13: 137.3 | FP13: 135.6 | FQ13: 135.6 | FR13: 137.8 | FS13: 136.3 | FT13: 136 | FU13: 138.3 | FV13: 136.8 | FW13: 135.8 | FX13: 139.7 | FY13: 137.1 | FZ13: 136 | GA13: 140.5 | GB13: 137.5 | GC13: 135.6 | GD13: 140.7 | GE13: 137.3 | GF13: 136.3 | GG13: 140.7 | GH13: 137.8 | GI13: 137.2 | GJ13: 140.2 | GK13: 138.2 | GL13: 137.4 | GM13: 139.6 | GN13: 138.1 | GO13: 137.6 | GP13: 140 | GQ13: 138.4 | GR13: 138.2 | GS13: 140.3 | GT13: 138.9 | GU13: 138.6 | GV13: 141.1 | GW13: 139.4 | GX13: 138.7 | GY13: 141.2 | GZ13: 139.5 | HA13: 139.5 | HB13: 141.1 | HC13: 141 | HD13: 140.6 | HE13: 141.4 | HF13: 140.9 | HG13: 140.2 | HH13: 141.5 | HI13: 140.6 | HJ13: 138.9 | HK13: 140.4 | HL13: 139.4 | HM13: 139.2 | HN13: 140.8 | HO13: 139.7 | HP13: 138.9 | HQ13: 140.7 | HR13: 139.5 | HS13: 139.3 | HT13: 141 | HU13: 139.9 | HV13: 140.4 | HW13: 141 | HX13: 140.6 | HY13: 141.7 | HZ13: 141.6 | IA13: 141.7 | IB13: 142.7 | IC13: 142.5 | ID13: 142.6 | IE13: 144.2 | IF13: 143.8 | IG13: 144.1 | IH13: 145.5 | II13: 145.2 | IJ13: 145.4 | IK13: 147.3 | IL13: 146.3 | IM13: 147 | IN13: 149.1 | IO13: 148 | IP13: 148.7 | IQ13: 151.6 | IR13: 149.5 | IS13: 150.9 | IT13: 152.8 | IU13: 150.4 | IV13: 152 | IW13: 154 | IX13: 151.5 | IY13: 153.2 | IZ13: 158.7 | JA13: 154 | JB13: 157.1 | JF13: 159.8 | JG13: 158.8 | JH13: 159.5 | JI13: 159.8 | JJ13: 158.8 | JK13: 159.5 | JL13: 160 | JM13: 160 | JN13: 160 | JO13: 160 | JP13: 160.9 | JQ13: 160.3 | JR13: 160.9 | JS13: 161.3 | JT13: 161 | JU13: 162 | JV13: 161.4 | JW13: 161.8 | JX13: 163.5 | JY13: 161.9 | JZ13: 163 | KA13: 164.5 | KB13: 163 | KC13: 164 | KD13: 165 | KE13: 162.5 | KF13: 164.2 | KG13: 164 | KH13: 162.6 | KI13: 163.5 | KJ13: 164.4 | KK13: 162.8 | KL13: 163.9 | KM13: 169.7 | KN13: 165.2 | KO13: 168.2 | KP13: 170 | KQ13: 165.5 | KR13: 168.5 | KS13: 169.7 | KT13: 165.5 | KU13: 168.3 | KV13: 169.8 | KW13: 166.2 | KX13: 168.8 | KY13: 170.1 | KZ13: 166.2 | LA13: 168.8 | LB13: 170.6 | LC13: 166.8 | LD13: 169.3 | LE13: 170.8 | LF13: 167.2 | LG13: 169.6 | LH13: 171.7 | LI13: 168.2 | LJ13: 170.5 | LK13: 173.3 | LL13: 169.8 | LM13: 172.1 | LN13: 175.4 | LO13: 172.2 | LP13: 174.3 | LQ13: 178.7 | LR13: 174.7 | LS13: 177.4 | LT13: 182.9 | LU13: 178 | LV13: 181.3 | LW13: 186.6 | LX13: 181.4 | LY13: 184.9 | LZ13: 188.9 | MA13: 183.5 | MB13: 187.1 | MC13: 191.8 | MD13: 186.3 | ME13: 190 | MF13: 195.6 | MG13: 189.7 | MH13: 193.6 | MI13: 199.1 | MJ13: 193.6 | MK13: 197.3 | ML13: 201.6 | MM13: 196.4 | MN13: 199.9 | MO13: 204.8 | MP13: 198.8 | MQ13: 202.8 | MR13: 207.5 | MS13: 200.5 | MT13: 205.2 | MU13: 210.5 | MV13: 204.3 | MW13: 208.4 | MX13: 212.1 | MY13: 204.8 | MZ13: 209.7 | NA13: 212.1 | NB13: 204.8 | NC13: 209.7 | ND13: 215.5 | NE13: 207.8 | NF13: 212.9 | NG13: 221 | NH13: 211.9 | NI13: 218
A14: Non-alcoholic beverages | B14: 104.8 | C14: 105.1 | D14: 104.9 | E14: 105.1 | F14: 106 | G14: 105.5 | H14: 105.6 | I14: 107 | J14: 106.2 | K14: 106.5 | L14: 108.2 | M14: 107.2 | N14: 107.4 | O14: 109.1 | P14: 108.1 | Q14: 108.2 | R14: 110 | S14: 109 | T14: 109.1 | U14: 110.4 | V14: 109.6 | W14: 109.7 | X14: 110.9 | Y14: 110.2 | Z14: 110.4 | AA14: 111.1 | AB14: 110.7 | AC14: 111.1 | AD14: 111.4 | AE14: 111.2 | AF14: 111.8 | AG14: 111.8 | AH14: 111.8 | AI14: 112.1 | AJ14: 112.1 | AK14: 112.1 | AL14: 112.4 | AM14: 112.1 | AN14: 112.3 | AO14: 112.9 | AP14: 112.1 | AQ14: 112.6 | AR14: 113 | AS14: 112.2 | AT14: 112.7 | AU14: 113.5 | AV14: 112.7 | AW14: 113.2 | AX14: 114.2 | AY14: 112.9 | AZ14: 113.7 | BA14: 114.9 | BB14: 113.2 | BC14: 114.2 | BD14: 115.6 | BE14: 113.8 | BF14: 114.8 | BG14: 115.8 | BH14: 114.4 | BI14: 115.2 | BJ14: 116.5 | BK14: 114.8 | BL14: 115.8 | BM14: 116.8 | BN14: 115.2 | BO14: 116.1 | BP14: 116.8 | BQ14: 115.8 | BR14: 116.4 | BS14: 117.3 | BT14: 116.1 | BU14: 116.8 | BV14: 117.9 | BW14: 116.5 | BX14: 117.3 | BY14: 118.8 | BZ14: 116.8 | CA14: 118 | CB14: 118.9 | CC14: 117 | CD14: 118.1 | CE14: 119.4 | CF14: 117.2 | CG14: 118.5 | CH14: 120.2 | CI14: 117.7 | CJ14: 119.2 | CK14: 121.1 | CL14: 118 | CM14: 119.8 | CN14: 121 | CO14: 118.3 | CP14: 119.9 | CQ14: 121.5 | CR14: 118.8 | CS14: 120.4 | CT14: 121.9 | CU14: 119.1 | CV14: 120.7 | CW14: 122.3 | CX14: 119.4 | CY14: 121.1 | CZ14: 123.1 | DA14: 119.8 | DB14: 121.7 | DC14: 123.3 | DD14: 120.2 | DE14: 122 | DF14: 124.3 | DG14: 120.5 | DH14: 122.7 | DI14: 124.8 | DJ14: 120.6 | DK14: 123 | DL14: 124.9 | DM14: 120.7 | DN14: 123.1 | DO14: 125.4 | DP14: 121.1 | DQ14: 123.6 | DR14: 126.1 | DS14: 121.5 | DT14: 124.2 | DU14: 126.4 | DV14: 121.6 | DW14: 124.4 | DX14: 127.3 | DY14: 121.7 | DZ14: 125 | EA14: 128.1 | EB14: 121.9 | EC14: 125.5 | ED14: 128.8 | EE14: 122.1 | EF14: 126 | EG14: 128.7 | EH14: 122.5 | EI14: 126.1 | EJ14: 128.7 | EK14: 122.7 | EL14: 126.2 | EM14: 129.1 | EN14: 123.1 | EO14: 126.6 | EP14: 129 | EQ14: 123.2 | ER14: 126.6 | ES14: 129.4 | ET14: 123.4 | EU14: 126.9 | EV14: 129.8 | EW14: 123.6 | EX14: 127.2 | EY14: 130 | EZ14: 123.8 | FA14: 127.4 | FB14: 130.3 | FC14: 123.8 | FD14: 127.6 | FE14: 130.4 | FF14: 124.2 | FG14: 127.8 | FH14: 131.4 | FI14: 124.4 | FJ14: 128.5 | FK14: 131.6 | FL14: 124.6 | FM14: 128.7 | FN14: 131.7 | FO14: 124.8 | FP14: 128.8 | FQ14: 131.3 | FR14: 125.1 | FS14: 128.7 | FT14: 131.9 | FU14: 125.4 | FV14: 129.2 | FW14: 131.1 | FX14: 125.7 | FY14: 128.8 | FZ14: 131.2 | GA14: 125.9 | GB14: 129 | GC14: 130.5 | GD14: 125.9 | GE14: 128.6 | GF14: 131.2 | GG14: 126.2 | GH14: 129.1 | GI14: 131.9 | GJ14: 126.5 | GK14: 129.6 | GL14: 132.2 | GM14: 126.6 | GN14: 129.9 | GO14: 132.8 | GP14: 126.7 | GQ14: 130.3 | GR14: 132.8 | GS14: 126.8 | GT14: 130.3 | GU14: 133.8 | GV14: 127.4 | GW14: 131.1 | GX14: 133.1 | GY14: 127.7 | GZ14: 130.8 | HA14: 134.6 | HB14: 127.6 | HC14: 133.6 | HD14: 137.5 | HE14: 128 | HF14: 133.5 | HG14: 137.8 | HH14: 128.1 | HI14: 133.8 | HJ14: 137 | HK14: 128.1 | HL14: 133.3 | HM14: 137.4 | HN14: 128.3 | HO14: 133.6 | HP14: 137.4 | HQ14: 128.5 | HR14: 133.7 | HS14: 137.7 | HT14: 128.9 | HU14: 134 | HV14: 138 | HW14: 129 | HX14: 134.2 | HY14: 138.5 | HZ14: 129.5 | IA14: 134.7 | IB14: 138.5 | IC14: 129.8 | ID14: 134.9 | IE14: 138.5 | IF14: 130 | IG14: 135 | IH14: 138.6 | II14: 130.2 | IJ14: 135.1 | IK14: 138.7 | IL14: 130.5 | IM14: 135.3 | IN14: 139.3 | IO14: 130.8 | IP14: 135.8 | IQ14: 139.7 | IR14: 131.1 | IS14: 136.1 | IT14: 140.1 | IU14: 131.5 | IV14: 136.5 | IW14: 140.1 | IX14: 131.9 | IY14: 136.7 | IZ14: 139.2 | JA14: 133.5 | JB14: 136.8 | JF14: 142.1 | JG14: 135.6 | JH14: 139.4 | JI14: 142.1 | JJ14: 135.6 | JK14: 139.4 | JL14: 143.5 | JM14: 136.5 | JN14: 140.6 | JO14: 145.4 | JP14: 137.7 | JQ14: 142.2 | JR14: 147.4 | JS14: 139.2 | JT14: 144 | JU14: 150 | JV14: 141.5 | JW14: 146.5 | JX14: 153.4 | JY14: 143.3 | JZ14: 149.2 | KA14: 156.1 | KB14: 145.9 | KC14: 151.8 | KD14: 160 | KE14: 149.2 | KF14: 155.5 | KG14: 160.6 | KH14: 150.7 | KI14: 156.5 | KJ14: 161.9 | KK14: 151.5 | KL14: 157.6 | KM14: 164.6 | KN14: 152 | KO14: 159.3 | KP14: 165.5 | KQ14: 152.3 | KR14: 160 | KS14: 166.2 | KT14: 153.4 | KU14: 160.9 | KV14: 167.6 | KW14: 154.8 | KX14: 162.7 | KY14: 168.3 | KZ14: 154.8 | LA14: 162.7 | LB14: 168.8 | LC14: 155.4 | LD14: 163.2 | LE14: 169.1 | LF14: 156.1 | LG14: 163.7 | LH14: 169.7 | LI14: 156.5 | LJ14: 164.2 | LK14: 169.8 | LL14: 156.6 | LM14: 164.3 | LN14: 170.5 | LO14: 156.7 | LP14: 164.7 | LQ14: 171.2 | LR14: 157.1 | LS14: 165.3 | LT14: 172.4 | LU14: 157.5 | LV14: 166.2 | LW14: 173.2 | LX14: 158.5 | LY14: 167.1 | LZ14: 174.2 | MA14: 159.1 | MB14: 167.9 | MC14: 174.5 | MD14: 159.8 | ME14: 168.4 | MF14: 174.8 | MG14: 160.5 | MH14: 168.8 | MI14: 175.4 | MJ14: 161.1 | MK14: 169.4 | ML14: 175.8 | MM14: 161.6 | MN14: 169.9 | MO14: 176.4 | MP14: 162.1 | MQ14: 170.4 | MR14: 176.8 | MS14: 162.8 | MT14: 171 | MU14: 176.9 | MV14: 163.7 | MW14: 171.4 | MX14: 177.6 | MY14: 164.9 | MZ14: 172.3 | NA14: 177.6 | NB14: 164.9 | NC14: 172.3 | ND14: 178.2 | NE14: 165.5 | NF14: 172.9 | NG14: 178.7 | NH14: 165.9 | NI14: 173.4
A15: Prepared meals, snacks, sweets etc. | B15: 106.7 | C15: 107.9 | D15: 107.3 | E15: 107.7 | F15: 109 | G15: 108.3 | H15: 108.2 | I15: 109.8 | J15: 108.9 | K15: 108.8 | L15: 110.6 | M15: 109.6 | N15: 109.9 | O15: 111.3 | P15: 110.5 | Q15: 111 | R15: 112.2 | S15: 111.6 | T15: 112.1 | U15: 113.1 | V15: 112.6 | W15: 112.6 | X15: 114.3 | Y15: 113.4 | Z15: 114 | AA15: 115.4 | AB15: 114.6 | AC15: 114.9 | AD15: 116 | AE15: 115.4 | AF15: 116 | AG15: 117.1 | AH15: 116.5 | AI15: 116.8 | AJ15: 118.1 | AK15: 117.4 | AL15: 117.3 | AM15: 119 | AN15: 118.1 | AO15: 117.8 | AP15: 119.9 | AQ15: 118.8 | AR15: 118.3 | AS15: 120.5 | AT15: 119.3 | AU15: 118.7 | AV15: 121 | AW15: 119.8 | AX15: 119.2 | AY15: 121.7 | AZ15: 120.4 | BA15: 120.1 | BB15: 122.4 | BC15: 121.2 | BD15: 120.9 | BE15: 123.4 | BF15: 122.1 | BG15: 121.7 | BH15: 124.7 | BI15: 123.1 | BJ15: 122.6 | BK15: 125.2 | BL15: 123.8 | BM15: 123.2 | BN15: 125.9 | BO15: 124.5 | BP15: 124.5 | BQ15: 126.9 | BR15: 125.6 | BS15: 124.8 | BT15: 127.6 | BU15: 126.1 | BV15: 125.6 | BW15: 128 | BX15: 126.7 | BY15: 126.8 | BZ15: 128.6 | CA15: 127.6 | CB15: 127.7 | CC15: 129.2 | CD15: 128.4 | CE15: 128.7 | CF15: 129.5 | CG15: 129.1 | CH15: 129.8 | CI15: 129.9 | CJ15: 129.8 | CK15: 131.2 | CL15: 130.5 | CM15: 130.9 | CN15: 131.7 | CO15: 131.1 | CP15: 131.4 | CQ15: 132.5 | CR15: 131.7 | CS15: 132.1 | CT15: 132.7 | CU15: 132.3 | CV15: 132.5 | CW15: 133.1 | CX15: 132.9 | CY15: 133 | CZ15: 134.2 | DA15: 133.7 | DB15: 134 | DC15: 135.1 | DD15: 134.2 | DE15: 134.7 | DF15: 135.9 | DG15: 134.7 | DH15: 135.3 | DI15: 136.4 | DJ15: 135.2 | DK15: 135.8 | DL15: 137 | DM15: 135.4 | DN15: 136.3 | DO15: 137.4 | DP15: 135.9 | DQ15: 136.7 | DR15: 138.3 | DS15: 136.3 | DT15: 137.4 | DU15: 139.2 | DV15: 136.9 | DW15: 138.1 | DX15: 139.9 | DY15: 137.5 | DZ15: 138.8 | EA15: 140.7 | EB15: 138.1 | EC15: 139.5 | ED15: 141.5 | EE15: 138.8 | EF15: 140.2 | EG15: 142.4 | EH15: 139.6 | EI15: 141.1 | EJ15: 143.1 | EK15: 140.3 | EL15: 141.8 | EM15: 143.6 | EN15: 140.9 | EO15: 142.3 | EP15: 143.9 | EQ15: 141.6 | ER15: 142.8 | ES15: 144.4 | ET15: 141.9 | EU15: 143.2 | EV15: 145.4 | EW15: 142.4 | EX15: 144 | EY15: 145.5 | EZ15: 142.6 | FA15: 144.2 | FB15: 145.8 | FC15: 142.9 | FD15: 144.5 | FE15: 146.5 | FF15: 143.1 | FG15: 144.9 | FH15: 147.7 | FI15: 143.7 | FJ15: 145.8 | FK15: 148.7 | FL15: 144.5 | FM15: 146.8 | FN15: 149.3 | FO15: 145 | FP15: 147.3 | FQ15: 150.3 | FR15: 145.5 | FS15: 148.1 | FT15: 151.4 | FU15: 146 | FV15: 148.9 | FW15: 151.4 | FX15: 146.3 | FY15: 149 | FZ15: 151.8 | GA15: 146.8 | GB15: 149.5 | GC15: 151.7 | GD15: 147.1 | GE15: 149.6 | GF15: 152.8 | GG15: 147.6 | GH15: 150.4 | GI15: 153.8 | GJ15: 148.3 | GK15: 151.2 | GL15: 154.3 | GM15: 148.7 | GN15: 151.7 | GO15: 154.3 | GP15: 149 | GQ15: 151.8 | GR15: 154.8 | GS15: 149.4 | GT15: 152.3 | GU15: 155.2 | GV15: 150.4 | GW15: 153 | GX15: 155.9 | GY15: 151.3 | GZ15: 153.8 | HA15: 155.2 | HB15: 152 | HC15: 154.5 | HD15: 156.1 | HE15: 152.6 | HF15: 154.5 | HG15: 156 | HH15: 152.9 | HI15: 154.6 | HJ15: 155.8 | HK15: 153.2 | HL15: 154.6 | HM15: 156.2 | HN15: 153.5 | HO15: 154.9 | HP15: 156.4 | HQ15: 153.9 | HR15: 155.2 | HS15: 156.4 | HT15: 154.5 | HU15: 155.5 | HV15: 156.6 | HW15: 155.1 | HX15: 155.9 | HY15: 156.7 | HZ15: 155.6 | IA15: 156.2 | IB15: 156.9 | IC15: 156.2 | ID15: 156.6 | IE15: 157.2 | IF15: 156.4 | IG15: 156.8 | IH15: 157.4 | II15: 156.8 | IJ15: 157.1 | IK15: 157.7 | IL15: 157.2 | IM15: 157.5 | IN15: 158.3 | IO15: 157.7 | IP15: 158 | IQ15: 158.7 | IR15: 158.5 | IS15: 158.6 | IT15: 159.2 | IU15: 159 | IV15: 159.1 | IW15: 160 | IX15: 159.1 | IY15: 159.6 | JF15: 161.8 | JG15: 161.7 | JH15: 161.8 | JI15: 161.8 | JJ15: 161.7 | JK15: 161.8 | JL15: 161.5 | JM15: 163.3 | JN15: 162.3 | JO15: 161.6 | JP15: 164.4 | JQ15: 162.9 | JR15: 161.9 | JS15: 164.8 | JT15: 163.2 | JU15: 162.7 | JV15: 165.1 | JW15: 163.8 | JX15: 163.6 | JY15: 166.1 | JZ15: 164.8 | KA15: 164.3 | KB15: 167.2 | KC15: 165.6 | KD15: 165.8 | KE15: 169.4 | KF15: 167.5 | KG15: 166.4 | KH15: 170.3 | KI15: 168.2 | KJ15: 166.8 | KK15: 171.4 | KL15: 168.9 | KM15: 169.8 | KN15: 171.1 | KO15: 170.4 | KP15: 171.7 | KQ15: 173.3 | KR15: 172.4 | KS15: 171 | KT15: 173.5 | KU15: 172.2 | KV15: 171.9 | KW15: 175.1 | KX15: 173.9 | KY15: 172.8 | KZ15: 175.1 | LA15: 173.9 | LB15: 173.6 | LC15: 175.9 | LD15: 174.7 | LE15: 174.3 | LF15: 176.8 | LG15: 175.5 | LH15: 175.1 | LI15: 178.2 | LJ15: 176.5 | LK15: 175.8 | LL15: 179 | LM15: 177.3 | LN15: 176.3 | LO15: 180 | LP15: 178 | LQ15: 177.4 | LR15: 181.5 | LS15: 179.3 | LT15: 178.9 | LU15: 183.3 | LV15: 180.9 | LW15: 180.4 | LX15: 184.9 | LY15: 182.5 | LZ15: 181.9 | MA15: 186.3 | MB15: 183.9 | MC15: 183.1 | MD15: 187.7 | ME15: 185.2 | MF15: 184 | MG15: 188.9 | MH15: 186.3 | MI15: 184.8 | MJ15: 190.4 | MK15: 187.4 | ML15: 185.6 | MM15: 191.5 | MN15: 188.3 | MO15: 186.9 | MP15: 192.4 | MQ15: 189.5 | MR15: 187.7 | MS15: 193.3 | MT15: 190.3 | MU15: 188.5 | MV15: 194.3 | MW15: 191.2 | MX15: 189.9 | MY15: 196.6 | MZ15: 193 | NA15: 189.9 | NB15: 196.6 | NC15: 193 | ND15: 190.5 | NE15: 197 | NF15: 193.5 | NG15: 191.1 | NH15: 197.7 | NI15: 194.2
A16: Food and beverages | B16: 105.5 | C16: 105.9 | D16: 105.6 | E16: 106.3 | F16: 107.2 | G16: 106.6 | H16: 106.6 | I16: 107.3 | J16: 106.9 | K16: 107.1 | L16: 108.8 | M16: 107.7 | N16: 108.1 | O16: 111.1 | P16: 109.2 | Q16: 110.6 | R16: 115 | S16: 112.2 | T16: 113.1 | U16: 117.5 | V16: 114.7 | W16: 114.9 | X16: 119.6 | Y16: 116.6 | Z16: 117.8 | AA16: 119.2 | AB16: 118.3 | AC16: 119.8 | AD16: 120.8 | AE16: 120.2 | AF16: 122.5 | AG16: 122.9 | AH16: 122.6 | AI16: 118.7 | AJ16: 117.8 | AK16: 118.4 | AL16: 116 | AM16: 115.5 | AN16: 115.8 | AO16: 115.3 | AP16: 115.2 | AQ16: 115.3 | AR16: 116.2 | AS16: 116 | AT16: 116.1 | AU16: 117.2 | AV16: 118.2 | AW16: 117.6 | AX16: 118.2 | AY16: 120 | AZ16: 118.9 | BA16: 119.5 | BB16: 122 | BC16: 120.4 | BD16: 123.3 | BE16: 127.1 | BF16: 124.7 | BG16: 125.3 | BH16: 128.9 | BI16: 126.6 | BJ16: 125.3 | BK16: 126.7 | BL16: 125.8 | BM16: 125.1 | BN16: 125.8 | BO16: 125.4 | BP16: 124.9 | BQ16: 125.4 | BR16: 125.1 | BS16: 123.3 | BT16: 124 | BU16: 123.6 | BV16: 122.8 | BW16: 123.5 | BX16: 123.1 | BY16: 122.8 | BZ16: 123.7 | CA16: 123.1 | CB16: 123.1 | CC16: 123.9 | CD16: 123.4 | CE16: 123.6 | CF16: 124.6 | CG16: 124 | CH16: 124.4 | CI16: 126.1 | CJ16: 125 | CK16: 126.6 | CL16: 128.5 | CM16: 127.3 | CN16: 127.5 | CO16: 129.5 | CP16: 128.2 | CQ16: 129.8 | CR16: 131.1 | CS16: 130.3 | CT16: 131 | CU16: 131.5 | CV16: 131.2 | CW16: 131.8 | CX16: 132.6 | CY16: 132.1 | CZ16: 132.4 | DA16: 133.3 | DB16: 132.7 | DC16: 131.4 | DD16: 131.5 | DE16: 131.4 | DF16: 131.4 | DG16: 131.2 | DH16: 131.3 | DI16: 130.3 | DJ16: 129.1 | DK16: 129.9 | DL16: 130.4 | DM16: 128.9 | DN16: 129.8 | DO16: 131.8 | DP16: 131.8 | DQ16: 131.8 | DR16: 133.6 | DS16: 134.6 | DT16: 134 | DU16: 136 | DV16: 138.2 | DW16: 136.8 | DX16: 137.6 | DY16: 139.8 | DZ16: 138.4 | EA16: 138 | EB16: 137.6 | EC16: 137.9 | ED16: 137.2 | EE16: 135.7 | EF16: 136.6 | EG16: 137.4 | EH16: 136.3 | EI16: 137 | EJ16: 136.6 | EK16: 135.2 | EL16: 136.1 | EM16: 134.7 | EN16: 132.8 | EO16: 134 | EP16: 133.7 | EQ16: 132 | ER16: 133.1 | ES16: 133.6 | ET16: 132.1 | EU16: 133 | EV16: 133.4 | EW16: 132.6 | EX16: 133.1 | EY16: 133.5 | EZ16: 133.4 | FA16: 133.5 | FB16: 133.8 | FC16: 133.6 | FD16: 133.7 | FE16: 134.9 | FF16: 135.7 | FG16: 135.2 | FH16: 138.5 | FI16: 139.8 | FJ16: 139 | FK16: 140.6 | FL16: 140.5 | FM16: 140.6 | FN16: 139.6 | FO16: 138 | FP16: 139 | FQ16: 140.4 | FR16: 139.7 | FS16: 140.1 | FT16: 142.4 | FU16: 141.5 | FV16: 142.1 | FW16: 141.5 | FX16: 138.8 | FY16: 140.5 | FZ16: 140.4 | GA16: 137.2 | GB16: 139.2 | GC16: 138.7 | GD16: 135.6 | GE16: 137.6 | GF16: 138.6 | GG16: 134.8 | GH16: 137.2 | GI16: 138.6 | GJ16: 135.7 | GK16: 137.5 | GL16: 139.1 | GM16: 136.4 | GN16: 138.1 | GO16: 140 | GP16: 138.4 | GQ16: 139.4 | GR16: 142 | GS16: 140.3 | GT16: 141.4 | GU16: 142.7 | GV16: 140.1 | GW16: 141.7 | GX16: 141.3 | GY16: 138.9 | GZ16: 140.4 | HA16: 140.2 | HB16: 139.4 | HC16: 139.7 | HD16: 140 | HE16: 139.1 | HF16: 139.7 | HG16: 138.5 | HH16: 137.6 | HI16: 138.2 | HJ16: 137.4 | HK16: 137.3 | HL16: 137.4 | HM16: 137.2 | HN16: 138 | HO16: 137.5 | HP16: 137.3 | HQ16: 139.6 | HR16: 138.1 | HS16: 139.2 | HT16: 143.8 | HU16: 140.9 | HV16: 141 | HW16: 145.6 | HX16: 142.7 | HY16: 143 | HZ16: 147.7 | IA16: 144.7 | IB16: 144 | IC16: 149.1 | ID16: 145.9 | IE16: 145.5 | IF16: 149.5 | IG16: 147 | IH16: 148.3 | II16: 151.9 | IJ16: 149.6 | IK16: 150.9 | IL16: 153.6 | IM16: 151.9 | IN16: 154.3 | IO16: 156.3 | IP16: 155 | IQ16: 153 | IR16: 154.4 | IS16: 153.5 | IT16: 149.8 | IU16: 151.7 | IV16: 150.5 | IW16: 148.2 | IX16: 150.1 | IY16: 148.9 | IZ16: 150.1 | JA16: 153.5 | JB16: 151.4 | JC16: =AVERAGE(IZ16,IW16,IT16,JF16,JI16,JL16) -> 151.33333 | JD16: =AVERAGE(JA16,IX16,IU16,JG16,JJ16,JM16) -> 154.86667 | JE16: =AVERAGE(JB16,IY16,IV16,JH16,JK16,JN16) -> 152.63333 | JF16: 152.3 | JG16: 157 | JH16: 154 | JI16: 152.3 | JJ16: 157 | JK16: 154 | JL16: 155.3 | JM16: 159.9 | JN16: 157 | JO16: 156.1 | JP16: 161.3 | JQ16: 158 | JR16: 159.6 | JS16: 164.4 | JT16: 161.4 | JU16: 163.4 | JV16: 167 | JW16: 164.7 | JX16: 164.5 | JY16: 167 | JZ16: 165.4 | KA16: 159.6 | KB16: 163.4 | KC16: 161 | KD16: 154.7 | KE16: 160.8 | KF16: 156.9 | KG16: 154.5 | KH16: 160.4 | KI16: 156.7 | KJ16: 155.6 | KK16: 162 | KL16: 158 | KM16: 158.7 | KN16: 164.2 | KO16: 160.7 | KP16: 160.5 | KQ16: 166.2 | KR16: 162.6 | KS16: 161.7 | KT16: 167.9 | KU16: 164 | KV16: 161.8 | KW16: 167.3 | KX16: 164 | KY16: 162.1 | KZ16: 167.3 | LA16: 164 | LB16: 165.5 | LC16: 171.5 | LD16: 167.7 | LE16: 167.5 | LF16: 173.5 | LG16: 169.7 | LH16: 165.8 | LI16: 172.2 | LJ16: 168.2 | LK16: 164.1 | LL16: 170.3 | LM16: 166.4 | LN16: 163.9 | LO16: 170.2 | LP16: 166.2 | LQ16: 166.6 | LR16: 171.5 | LS16: 168.4 | LT16: 168.6 | LU16: 174.5 | LV16: 170.8 | LW16: 170.8 | LX16: 177.5 | LY16: 173.3 | LZ16: 172.4 | MA16: 179.3 | MB16: 174.9 | MC16: 172.5 | MD16: 179.4 | ME16: 175 | MF16: 173.9 | MG16: 180.4 | MH16: 176.3 | MI16: 175.5 | MJ16: 181.8 | MK16: 177.8 | ML16: 177.4 | MM16: 183.3 | MN16: 179.6 | MO16: 176.6 | MP16: 181.3 | MQ16: 178.3 | MR16: 174.4 | MS16: 178.6 | MT16: 175.9 | MU16: 175 | MV16: 179.5 | MW16: 176.7 | MX16: 174.8 | MY16: 180.7 | MZ16: 177 | NA16: 174.8 | NB16: 180.8 | NC16: 177 | ND16: 175.5 | NE16: 182.1 | NF16: 177.9 | NG16: 176.8 | NH16: 183.1 | NI16: 179.1
A17: Pan, tobacco and intoxicants | B17: 105.1 | C17: 105.2 | D17: 105.1 | E17: 105.6 | F17: 106 | G17: 105.7 | H17: 106.5 | I17: 106.8 | J17: 106.6 | K17: 107.1 | L17: 108.5 | M17: 107.5 | N17: 108.1 | O17: 109.8 | P17: 108.6 | Q17: 109 | R17: 110.9 | S17: 109.5 | T17: 109.8 | U17: 111.7 | V17: 110.3 | W17: 110.7 | X17: 112.4 | Y17: 111.2 | Z17: 111.7 | AA17: 112.9 | AB17: 112 | AC17: 112.2 | AD17: 113.5 | AE17: 112.5 | AF17: 112.8 | AG17: 114.1 | AH17: 113.1 | AI17: 113.6 | AJ17: 115 | AK17: 114 | AL17: 114 | AM17: 115.7 | AN17: 114.5 | AO17: 114.2 | AP17: 116.2 | AQ17: 114.7 | AR17: 114.6 | AS17: 116.7 | AT17: 115.2 | AU17: 115.4 | AV17: 117.6 | AW17: 116 | AX17: 116.3 | AY17: 118.3 | AZ17: 116.8 | BA17: 117.3 | BB17: 119 | BC17: 117.8 | BD17: 118 | BE17: 121 | BF17: 118.8 | BG17: 118.8 | BH17: 123 | BI17: 119.9 | BJ17: 119.5 | BK17: 124.3 | BL17: 120.8 | BM17: 120 | BN17: 124.3 | BO17: 121.1 | BP17: 120.8 | BQ17: 125.8 | BR17: 122.1 | BS17: 121.7 | BT17: 126.4 | BU17: 123 | BV17: 122.7 | BW17: 127.4 | BX17: 124 | BY17: 124.2 | BZ17: 128.1 | CA17: 125.2 | CB17: 124.7 | CC17: 128.8 | CD17: 125.8 | CE17: 125.7 | CF17: 130.1 | CG17: 126.9 | CH17: 126.7 | CI17: 131.3 | CJ17: 127.9 | CK17: 128.2 | CL17: 132.1 | CM17: 129.2 | CN17: 129.4 | CO17: 133.1 | CP17: 130.4 | CQ17: 130.1 | CR17: 134.2 | CS17: 131.2 | CT17: 131 | CU17: 134.7 | CV17: 132 | CW17: 131.5 | CX17: 135.3 | CY17: 132.5 | CZ17: 132.2 | DA17: 137.6 | DB17: 133.6 | DC17: 133.1 | DD17: 138.2 | DE17: 134.5 | DF17: 133.6 | DG17: 139.5 | DH17: 135.2 | DI17: 134.4 | DJ17: 140 | DK17: 135.9 | DL17: 135 | DM17: 140.6 | DN17: 136.5 | DO17: 135.5 | DP17: 141.5 | DQ17: 137.1 | DR17: 136 | DS17: 142.2 | DT17: 137.7 | DU17: 137.2 | DV17: 142.7 | DW17: 138.7 | DX17: 138 | DY17: 142.9 | DZ17: 139.3 | EA17: 138.9 | EB17: 143.6 | EC17: 140.2 | ED17: 139.9 | EE17: 143.9 | EF17: 141 | EG17: 140.9 | EH17: 144.3 | EI17: 141.8 | EJ17: 141.2 | EK17: 144.3 | EL17: 142 | EM17: 142.4 | EN17: 145 | EO17: 143.1 | EP17: 143.1 | EQ17: 145.6 | ER17: 143.8 | ES17: 143.7 | ET17: 146.3 | EU17: 144.4 | EV17: 144.2 | EW17: 147.5 | EX17: 145.1 | EY17: 144.4 | EZ17: 148 | FA17: 145.4 | FB17: 145.5 | FC17: 148.3 | FD17: 146.2 | FE17: 145.8 | FF17: 148.6 | FG17: 146.5 | FH17: 147.4 | FI17: 150.5 | FJ17: 148.2 | FK17: 149 | FL17: 152.1 | FM17: 149.8 | FN17: 149.8 | FO17: 153.6 | FP17: 150.8 | FQ17: 150.5 | FR17: 154.6 | FS17: 151.6 | FT17: 152.1 | FU17: 156.2 | FV17: 153.2 | FW17: 153.2 | FX17: 157 | FY17: 154.2 | FZ17: 153.6 | GA17: 157.7 | GB17: 154.7 | GC17: 153.3 | GD17: 159.3 | GE17: 154.9 | GF17: 155.1 | GG17: 159.7 | GH17: 156.3 | GI17: 156.1 | GJ17: 159.2 | GK17: 156.9 | GL17: 157 | GM17: 160.3 | GN17: 157.9 | GO17: 157.3 | GP17: 161 | GQ17: 158.3 | GR17: 156.1 | GS17: 161.4 | GT17: 157.5 | GU17: 156.4 | GV17: 162.1 | GW17: 157.9 | GX17: 157.7 | GY17: 163.3 | GZ17: 159.2 | HA17: 159.6 | HB17: 164 | HC17: 162.6 | HD17: 161.9 | HE17: 164.4 | HF17: 162.6 | HG17: 162.4 | HH17: 164.6 | HI17: 163 | HJ17: 162.7 | HK17: 164.7 | HL17: 163.2 | HM17: 162.8 | HN17: 164.9 | HO17: 163.4 | HP17: 162.9 | HQ17: 165.3 | HR17: 163.5 | HS17: 163.3 | HT17: 166.2 | HU17: 164.1 | HV17: 164.2 | HW17: 166.7 | HX17: 164.9 | HY17: 164.5 | HZ17: 167.2 | IA17: 165.2 | IB17: 165.1 | IC17: 167.9 | ID17: 165.8 | IE17: 165.7 | IF17: 168.6 | IG17: 166.5 | IH17: 166.3 | II17: 169.3 | IJ17: 167.1 | IK17: 167.2 | IL17: 169.9 | IM17: 167.9 | IN17: 167.8 | IO17: 170.4 | IP17: 168.5 | IQ17: 168.6 | IR17: 170.8 | IS17: 169.2 | IT17: 169.4 | IU17: 172 | IV17: 170.1 | IW17: 170.5 | IX17: 173.3 | IY17: 171.2 | JF17: 182.4 | JG17: 186.7 | JH17: 183.5 | JI17: 182.4 | JJ17: 186.7 | JK17: 183.5 | JL17: 180.9 | JM17: 187.2 | JN17: 182.6 | JO17: 182.9 | JP17: 188.7 | JQ17: 184.4 | JR17: 182.7 | JS17: 188.7 | JT17: 184.3 | JU17: 183.4 | JV17: 188.8 | JW17: 184.8 | JX17: 183.6 | JY17: 190.2 | JZ17: 185.4 | KA17: 184.6 | KB17: 191.8 | KC17: 186.5 | KD17: 186.5 | KE17: 193.3 | KF17: 188.3 | KG17: 186.1 | KH17: 193.5 | KI17: 188.1 | KJ17: 186.8 | KK17: 194.4 | KL17: 188.8 | KM17: 189.6 | KN17: 198.2 | KO17: 191.9 | KP17: 189.1 | KQ17: 195.6 | KR17: 190.8 | KS17: 189.7 | KT17: 195.5 | KU17: 191.2 | KV17: 190.2 | KW17: 196.5 | KX17: 192.1 | KY17: 190.5 | KZ17: 196.5 | LA17: 192.1 | LB17: 191.2 | LC17: 197 | LD17: 192.7 | LE17: 191.4 | LF17: 197 | LG17: 192.9 | LH17: 190.8 | LI17: 196.8 | LJ17: 192.4 | LK17: 190.7 | LL17: 196.4 | LM17: 192.2 | LN17: 191.5 | LO17: 196.5 | LP17: 192.8 | LQ17: 192.3 | LR17: 197.5 | LS17: 193.7 | LT17: 192.8 | LU17: 197.1 | LV17: 193.9 | LW17: 192.9 | LX17: 197.5 | LY17: 194.1 | LZ17: 192.9 | MA17: 198.3 | MB17: 194.3 | MC17: 193.2 | MD17: 198.6 | ME17: 194.6 | MF17: 193.7 | MG17: 198.7 | MH17: 195 | MI17: 194.5 | MJ17: 199.7 | MK17: 195.9 | ML17: 194.9 | MM17: 200.1 | MN17: 196.3 | MO17: 195.5 | MP17: 200.6 | MQ17: 196.9 | MR17: 195.9 | MS17: 201.1 | MT17: 197.3 | MU17: 196.9 | MV17: 201.6 | MW17: 198.2 | MX17: 198.3 | MY17: 202.7 | MZ17: 199.5 | NA17: 198.4 | NB17: 202.7 | NC17: 199.5 | ND17: 199.5 | NE17: 203.5 | NF17: 200.6 | NG17: 199.9 | NH17: 204.2 | NI17: 201
A18: Clothing | B18: 106.5 | C18: 105.9 | D18: 106.3 | E18: 107.1 | F18: 106.6 | G18: 106.9 | H18: 107.6 | I18: 107.2 | J18: 107.4 | K18: 108.1 | L18: 107.9 | M18: 108 | N18: 108.8 | O18: 108.5 | P18: 108.7 | Q18: 109.7 | R18: 109.2 | S18: 109.5 | T18: 110.5 | U18: 109.8 | V18: 110.2 | W18: 111.3 | X18: 110.6 | Y18: 111 | Z18: 112.7 | AA18: 111.4 | AB18: 112.2 | AC18: 113.6 | AD18: 112.5 | AE18: 113.2 | AF18: 114.6 | AG18: 113.5 | AH18: 114.2 | AI18: 115.8 | AJ18: 114.2 | AK18: 115.2 | AL18: 116.5 | AM18: 114.8 | AN18: 115.8 | AO18: 117.1 | AP18: 115.3 | AQ18: 116.4 | AR18: 117.5 | AS18: 115.8 | AT18: 116.8 | AU18: 118.1 | AV18: 116.3 | AW18: 117.4 | AX18: 118.7 | AY18: 116.8 | AZ18: 118 | BA18: 119.7 | BB18: 117.4 | BC18: 118.8 | BD18: 120.7 | BE18: 118 | BF18: 119.6 | BG18: 120.9 | BH18: 118.6 | BI18: 120 | BJ18: 121.7 | BK18: 119.2 | BL18: 120.7 | BM18: 122.7 | BN18: 119.6 | BO18: 121.5 | BP18: 123.3 | BQ18: 120.3 | BR18: 122.1 | BS18: 123.8 | BT18: 120.7 | BU18: 122.6 | BV18: 124.4 | BW18: 121 | BX18: 123.1 | BY18: 125.4 | BZ18: 121.3 | CA18: 123.8 | CB18: 126 | CC18: 121.7 | CD18: 124.3 | CE18: 126.4 | CF18: 122.1 | CG18: 124.7 | CH18: 127.3 | CI18: 122.4 | CJ18: 125.4 | CK18: 128.4 | CL18: 123.2 | CM18: 126.4 | CN18: 128.8 | CO18: 123.5 | CP18: 126.7 | CQ18: 129.5 | CR18: 123.7 | CS18: 127.2 | CT18: 130.4 | CU18: 124 | CV18: 127.9 | CW18: 131.1 | CX18: 124.4 | CY18: 128.5 | CZ18: 132.1 | DA18: 125 | DB18: 129.3 | DC18: 132.5 | DD18: 125.4 | DE18: 129.7 | DF18: 133.2 | DG18: 125.8 | DH18: 130.3 | DI18: 133.9 | DJ18: 126.2 | DK18: 130.9 | DL18: 134.4 | DM18: 126.4 | DN18: 131.3 | DO18: 135 | DP18: 126.8 | DQ18: 131.8 | DR18: 135.4 | DS18: 127.2 | DT18: 132.2 | DU18: 136.3 | DV18: 127.6 | DW18: 132.9 | DX18: 137.2 | DY18: 127.9 | DZ18: 133.5 | EA18: 137.8 | EB18: 128.3 | EC18: 134.1 | ED18: 138.5 | EE18: 128.7 | EF18: 134.6 | EG18: 139.6 | EH18: 129.1 | EI18: 135.5 | EJ18: 139.9 | EK18: 129.6 | EL18: 135.8 | EM18: 140.4 | EN18: 130 | EO18: 136.3 | EP18: 140.7 | EQ18: 130.2 | ER18: 136.6 | ES18: 140.9 | ET18: 130.5 | EU18: 136.8 | EV18: 141.6 | EW18: 130.8 | EX18: 137.3 | EY18: 142.4 | EZ18: 131.2 | FA18: 138 | FB18: 142.5 | FC18: 131.5 | FD18: 138.2 | FE18: 143.1 | FF18: 131.5 | FG18: 138.5 | FH18: 144.3 | FI18: 131.6 | FJ18: 139.3 | FK18: 145.3 | FL18: 132.7 | FM18: 140.3 | FN18: 146.1 | FO18: 133.3 | FP18: 141.1 | FQ18: 147.2 | FR18: 134 | FS18: 142 | FT18: 148.2 | FU18: 135 | FV18: 143 | FW18: 148 | FX18: 135.6 | FY18: 143.1 | FZ18: 148.3 | GA18: 136 | GB18: 143.5 | GC18: 148.7 | GD18: 136.3 | GE18: 143.8 | GF18: 149.2 | GG18: 136.7 | GH18: 144.3 | GI18: 150.1 | GJ18: 137.8 | GK18: 145.3 | GL18: 150.8 | GM18: 138.6 | GN18: 146 | GO18: 151.3 | GP18: 138.9 | GQ18: 146.4 | GR18: 151.5 | GS18: 139.6 | GT18: 146.8 | GU18: 152.1 | GV18: 140 | GW18: 147.3 | GX18: 152.1 | GY18: 140.8 | GZ18: 147.7 | HA18: 150.7 | HB18: 141.5 | HC18: 148 | HD18: 151.7 | HE18: 142.4 | HF18: 148 | HG18: 151.6 | HH18: 142.7 | HI18: 148.1 | HJ18: 150.6 | HK18: 143 | HL18: 147.6 | HM18: 150.5 | HN18: 143.3 | HO18: 147.7 | HP18: 150.8 | HQ18: 143.5 | HR18: 147.9 | HS18: 151.3 | HT18: 144 | HU18: 148.4 | HV18: 151.4 | HW18: 144.3 | HX18: 148.6 | HY18: 151.6 | HZ18: 144.7 | IA18: 148.9 | IB18: 151.8 | IC18: 145 | ID18: 149.1 | IE18: 151.7 | IF18: 145.3 | IG18: 149.2 | IH18: 151.7 | II18: 145.9 | IJ18: 149.4 | IK18: 152.3 | IL18: 146.3 | IM18: 149.9 | IN18: 152.6 | IO18: 146.8 | IP18: 150.3 | IQ18: 152.8 | IR18: 147 | IS18: 150.5 | IT18: 153 | IU18: 147.3 | IV18: 150.8 | IW18: 153.4 | IX18: 147.7 | IY18: 151.2 | JF18: 154.7 | JG18: 149.1 | JH18: 152.5 | JI18: 154.7 | JJ18: 149.1 | JK18: 152.5 | JL18: 155.1 | JM18: 150 | JN18: 153.1 | JO18: 155.4 | JP18: 150.2 | JQ18: 153.4 | JR18: 155.7 | JS18: 150.5 | JT18: 153.7 | JU18: 156.3 | JV18: 151.1 | JW18: 154.3 | JX18: 157 | JY18: 151.9 | JZ18: 155 | KA18: 157.5 | KB18: 152.5 | KC18: 155.5 | KD18: 159.1 | KE18: 154.2 | KF18: 157.2 | KG18: 159.6 | KH18: 155.1 | KI18: 157.8 | KJ18: 160.7 | KK18: 155.9 | KL18: 158.8 | KM18: 165.3 | KN18: 156.5 | KO18: 161.8 | KP18: 165.3 | KQ18: 157.3 | KR18: 162.2 | KS18: 166 | KT18: 157.9 | KU18: 162.8 | KV18: 167 | KW18: 159.8 | KX18: 164.5 | KY18: 167.7 | KZ18: 159.8 | LA18: 164.6 | LB18: 168.9 | LC18: 160.8 | LD18: 165.7 | LE18: 170.4 | LF18: 162.3 | LG18: 167.2 | LH18: 171.8 | LI18: 163.3 | LJ18: 168.5 | LK18: 173.2 | LL18: 164.7 | LM18: 169.9 | LN18: 174.1 | LO18: 165.7 | LP18: 170.8 | LQ18: 175.4 | LR18: 167.1 | LS18: 172.1 | LT18: 177.5 | LU18: 168.4 | LV18: 173.9 | LW18: 179.3 | LX18: 170 | LY18: 175.6 | LZ18: 180.7 | MA18: 171.6 | MB18: 177.1 | MC18: 182 | MD18: 172.7 | ME18: 178.3 | MF18: 183.2 | MG18: 173.7 | MH18: 179.5 | MI18: 184.7 | MJ18: 175 | MK18: 180.9 | ML18: 186.1 | MM18: 175.5 | MN18: 181.9 | MO18: 187.2 | MP18: 176.7 | MQ18: 183.1 | MR18: 188.1 | MS18: 177.7 | MT18: 184 | MU18: 189 | MV18: 178.7 | MW18: 184.9 | MX18: 190 | MY18: 180.3 | MZ18: 186.2 | NA18: 190 | NB18: 180.2 | NC18: 186.1 | ND18: 190.7 | NE18: 181 | NF18: 186.9 | NG18: 191.2 | NH18: 181.3 | NI18: 187.3
A19: Footwear | B19: 105.8 | C19: 105 | D19: 105.5 | E19: 106.3 | F19: 105.5 | G19: 106 | H19: 106.8 | I19: 106 | J19: 106.5 | K19: 107.4 | L19: 106.4 | M19: 107 | N19: 107.9 | O19: 106.7 | P19: 107.4 | Q19: 108.8 | R19: 107.2 | S19: 108.1 | T19: 109.5 | U19: 107.8 | V19: 108.8 | W19: 110.2 | X19: 108.3 | Y19: 109.4 | Z19: 111.4 | AA19: 109 | AB19: 110.4 | AC19: 112.3 | AD19: 109.7 | AE19: 111.2 | AF19: 113.1 | AG19: 110.3 | AH19: 111.9 | AI19: 114 | AJ19: 110.9 | AK19: 112.7 | AL19: 114.5 | AM19: 111.3 | AN19: 113.2 | AO19: 114.5 | AP19: 111.7 | AQ19: 113.3 | AR19: 114.9 | AS19: 112.1 | AT19: 113.7 | AU19: 116.1 | AV19: 112.5 | AW19: 114.6 | AX19: 116.8 | AY19: 112.9 | AZ19: 115.2 | BA19: 117.3 | BB19: 113.2 | BC19: 115.6 | BD19: 118.3 | BE19: 113.6 | BF19: 116.3 | BG19: 118.8 | BH19: 114.1 | BI19: 116.8 | BJ19: 119.2 | BK19: 114.5 | BL19: 117.2 | BM19: 120.3 | BN19: 114.9 | BO19: 118.1 | BP19: 120.5 | BQ19: 115.4 | BR19: 118.4 | BS19: 120.6 | BT19: 115.8 | BU19: 118.6 | BV19: 121.6 | BW19: 116.1 | BX19: 119.3 | BY19: 122.7 | BZ19: 116.5 | CA19: 120.1 | CB19: 122.9 | CC19: 116.9 | CD19: 120.4 | CE19: 123.3 | CF19: 117.2 | CG19: 120.8 | CH19: 124.1 | CI19: 117.4 | CJ19: 121.3 | CK19: 125.1 | CL19: 117.6 | CM19: 122 | CN19: 125.5 | CO19: 117.9 | CP19: 122.3 | CQ19: 126.3 | CR19: 118.2 | CS19: 122.9 | CT19: 126.8 | CU19: 118.6 | CV19: 123.4 | CW19: 127.3 | CX19: 118.8 | CY19: 123.8 | CZ19: 128.2 | DA19: 119.3 | DB19: 124.5 | DC19: 128.5 | DD19: 119.5 | DE19: 124.8 | DF19: 128.9 | DG19: 119.8 | DH19: 125.1 | DI19: 129.8 | DJ19: 120.1 | DK19: 125.8 | DL19: 130.2 | DM19: 120.3 | DN19: 126.1 | DO19: 130.6 | DP19: 120.5 | DQ19: 126.4 | DR19: 131.1 | DS19: 120.7 | DT19: 126.8 | DU19: 131.6 | DV19: 121.1 | DW19: 127.2 | DX19: 132.2 | DY19: 121.1 | DZ19: 127.6 | EA19: 133 | EB19: 121.4 | EC19: 128.2 | ED19: 133.5 | EE19: 121.6 | EF19: 128.6 | EG19: 134.3 | EH19: 121.9 | EI19: 129.1 | EJ19: 134.5 | EK19: 122.1 | EL19: 129.3 | EM19: 135.2 | EN19: 122.2 | EO19: 129.8 | EP19: 135.8 | EQ19: 122.3 | ER19: 130.2 | ES19: 135.8 | ET19: 122.5 | EU19: 130.3 | EV19: 136.2 | EW19: 122.8 | EX19: 130.6 | EY19: 136.8 | EZ19: 123 | FA19: 131.1 | FB19: 137.3 | FC19: 123.2 | FD19: 131.4 | FE19: 137.7 | FF19: 123.2 | FG19: 131.7 | FH19: 138.1 | FI19: 123.7 | FJ19: 132.1 | FK19: 139.2 | FL19: 124.3 | FM19: 133 | FN19: 139.7 | FO19: 124.6 | FP19: 133.4 | FQ19: 140.6 | FR19: 124.9 | FS19: 134.1 | FT19: 141.5 | FU19: 125.4 | FV19: 134.8 | FW19: 141.9 | FX19: 125.6 | FY19: 135.1 | FZ19: 142.3 | GA19: 125.9 | GB19: 135.5 | GC19: 142.4 | GD19: 126.1 | GE19: 135.6 | GF19: 143 | GG19: 126.7 | GH19: 136.2 | GI19: 143.3 | GJ19: 127.4 | GK19: 136.7 | GL19: 144.1 | GM19: 127.9 | GN19: 137.4 | GO19: 144.7 | GP19: 128.7 | GQ19: 138.1 | GR19: 145.1 | GS19: 128.9 | GT19: 138.4 | GU19: 145.8 | GV19: 129 | GW19: 138.8 | GX19: 146.1 | GY19: 129.3 | GZ19: 139.1 | HA19: 144.5 | HB19: 129.8 | HC19: 139.2 | HD19: 145.5 | HE19: 130.2 | HF19: 139.1 | HG19: 145.9 | HH19: 130.3 | HI19: 139.4 | HJ19: 145.1 | HK19: 130.4 | HL19: 139 | HM19: 146.1 | HN19: 130.8 | HO19: 139.7 | HP19: 146.1 | HQ19: 131.2 | HR19: 139.9 | HS19: 146.6 | HT19: 131.7 | HU19: 140.4 | HV19: 146.5 | HW19: 131.7 | HX19: 140.4 | HY19: 146.6 | HZ19: 131.9 | IA19: 140.5 | IB19: 146.6 | IC19: 132.2 | ID19: 140.6 | IE19: 146.6 | IF19: 132.2 | IG19: 140.6 | IH19: 146.7 | II19: 132.4 | IJ19: 140.8 | IK19: 147 | IL19: 132.6 | IM19: 141 | IN19: 147.3 | IO19: 132.8 | IP19: 141.3 | IQ19: 147.4 | IR19: 133.2 | IS19: 141.5 | IT19: 147.5 | IU19: 133.5 | IV19: 141.7 | IW19: 147.6 | IX19: 133.8 | IY19: 141.9 | JF19: 150 | JG19: 136.6 | JH19: 144.4 | JI19: 150 | JJ19: 136.6 | JK19: 144.4 | JL19: 149.3 | JM19: 135.2 | JN19: 143.4 | JO19: 149.9 | JP19: 136.3 | JQ19: 144.3 | JR19: 150.6 | JS19: 136.1 | JT19: 144.6 | JU19: 151 | JV19: 136.4 | JW19: 144.9 | JX19: 151.6 | JY19: 136.7 | JZ19: 145.4 | KA19: 152.4 | KB19: 137.3 | KC19: 146.1 | KD19: 153.9 | KE19: 138.2 | KF19: 147.4 | KG19: 154.4 | KH19: 138.7 | KI19: 147.9 | KJ19: 155.1 | KK19: 139.3 | KL19: 148.5 | KM19: 160.6 | KN19: 140.2 | KO19: 152.1 | KP19: 159.9 | KQ19: 140.5 | KR19: 151.8 | KS19: 161.1 | KT19: 141.9 | KU19: 153.1 | KV19: 162.6 | KW19: 143.6 | KX19: 155.3 | KY19: 163.6 | KZ19: 143.6 | LA19: 155.3 | LB19: 164.8 | LC19: 144.4 | LD19: 156.3 | LE19: 166 | LF19: 145.3 | LG19: 157.4 | LH19: 167.3 | LI19: 146.7 | LJ19: 158.7 | LK19: 169.3 | LL19: 148.5 | LM19: 160.7 | LN19: 171 | LO19: 150.4 | LP19: 162.4 | LQ19: 173.2 | LR19: 152.6 | LS19: 164.6 | LT19: 175.1 | LU19: 154.5 | LV19: 166.5 | LW19: 177.2 | LX19: 155.9 | LY19: 168.4 | LZ19: 178.7 | MA19: 157.4 | MB19: 169.9 | MC19: 180.3 | MD19: 158.7 | ME19: 171.3 | MF19: 181.7 | MG19: 160 | MH19: 172.7 | MI19: 183.3 | MJ19: 161.7 | MK19: 174.3 | ML19: 184.4 | MM19: 162.6 | MN19: 175.3 | MO19: 185.2 | MP19: 163.5 | MQ19: 176.2 | MR19: 185.9 | MS19: 164.5 | MT19: 177 | MU19: 186.3 | MV19: 165.3 | MW19: 177.6 | MX19: 187 | MY19: 167 | MZ19: 178.7 | NA19: 187 | NB19: 167 | NC19: 178.7 | ND19: 187.3 | NE19: 167.7 | NF19: 179.2 | NG19: 187.9 | NH19: 168.1 | NI19: 179.7
